-- TeamMemory sample data.
-- Run after schema:
--   psql -d teammemory -f db/seed.postgresql.sql

INSERT INTO users (id, name, email, password_hash, role) VALUES
  ('00000000-0000-0000-0000-000000000101', '김태호', 'taeho@example.com', '$2b$12$sample-owner-hash', 'admin'),
  ('00000000-0000-0000-0000-000000000102', '이서연', 'seoyeon@example.com', '$2b$12$sample-manager-hash', 'member'),
  ('00000000-0000-0000-0000-000000000103', '박준우', 'junwoo@example.com', '$2b$12$sample-member-hash', 'member'),
  ('00000000-0000-0000-0000-000000000104', '최민지', 'minji@example.com', '$2b$12$sample-member-hash', 'member'),
  ('00000000-0000-0000-0000-000000000105', '정하린', 'harin@example.com', '$2b$12$sample-viewer-hash', 'member');

INSERT INTO teams (id, name) VALUES
  ('00000000-0000-0000-0000-000000000201', 'TeamMemory 개발팀');

INSERT INTO projects (
  id,
  team_id,
  name,
  description,
  status,
  start_date,
  end_date,
  created_by
) VALUES (
  '00000000-0000-0000-0000-000000000301',
  '00000000-0000-0000-0000-000000000201',
  'TeamMemory MVP',
  '자료 업로드, AI 요약, Todo/이슈 추출, 인수인계 보고를 제공하는 MVP 프로젝트',
  'active',
  '2026-05-01',
  '2026-06-18',
  '00000000-0000-0000-0000-000000000101'
);

INSERT INTO project_members (project_id, user_id, role) VALUES
  ('00000000-0000-0000-0000-000000000301', '00000000-0000-0000-0000-000000000101', 'owner'),
  ('00000000-0000-0000-0000-000000000301', '00000000-0000-0000-0000-000000000102', 'manager'),
  ('00000000-0000-0000-0000-000000000301', '00000000-0000-0000-0000-000000000103', 'member'),
  ('00000000-0000-0000-0000-000000000301', '00000000-0000-0000-0000-000000000104', 'member'),
  ('00000000-0000-0000-0000-000000000301', '00000000-0000-0000-0000-000000000105', 'viewer');

INSERT INTO documents (
  id,
  project_id,
  uploaded_by,
  file_name,
  file_type,
  source_type,
  storage_path,
  status,
  uploaded_at
) VALUES
  (
    '00000000-0000-0000-0000-000000000401',
    '00000000-0000-0000-0000-000000000301',
    '00000000-0000-0000-0000-000000000102',
    '요구사항_정리.pdf',
    'pdf',
    'upload',
    '/storage/projects/teammemory/requirements.pdf',
    'completed',
    '2026-05-20 10:00:00+09'
  ),
  (
    '00000000-0000-0000-0000-000000000402',
    '00000000-0000-0000-0000-000000000301',
    '00000000-0000-0000-0000-000000000103',
    '회의록_0522.docx',
    'docx',
    'meeting',
    '/storage/projects/teammemory/meeting-0522.docx',
    'completed',
    '2026-05-22 17:30:00+09'
  ),
  (
    '00000000-0000-0000-0000-000000000403',
    '00000000-0000-0000-0000-000000000301',
    '00000000-0000-0000-0000-000000000104',
    'API_명세_초안.txt',
    'txt',
    'upload',
    '/storage/projects/teammemory/api-draft.txt',
    'processing',
    '2026-05-24 13:00:00+09'
  );

INSERT INTO document_chunks (
  id,
  document_id,
  project_id,
  content,
  chunk_index,
  page_number
) VALUES
  (
    '00000000-0000-0000-0000-000000000501',
    '00000000-0000-0000-0000-000000000401',
    '00000000-0000-0000-0000-000000000301',
    '대시보드는 진행률, 이번 주 Todo, 미해결 이슈, 인수인계 점수를 보여준다.',
    0,
    1
  ),
  (
    '00000000-0000-0000-0000-000000000502',
    '00000000-0000-0000-0000-000000000402',
    '00000000-0000-0000-0000-000000000301',
    '5월 22일 회의에서 RAG 파이프라인 초안을 5월 26일까지 작성하기로 결정했다.',
    0,
    2
  ),
  (
    '00000000-0000-0000-0000-000000000503',
    '00000000-0000-0000-0000-000000000402',
    '00000000-0000-0000-0000-000000000301',
    '주간 보고 초안은 지연 상태이며 담당자는 최민지다.',
    1,
    3
  );

INSERT INTO chunk_embeddings (chunk_id, vector_store, vector_id, embedding_model) VALUES
  ('00000000-0000-0000-0000-000000000501', 'azure_ai_search', 'teammemory-req-0001', 'text-embedding-3-small'),
  ('00000000-0000-0000-0000-000000000502', 'azure_ai_search', 'teammemory-meeting-0001', 'text-embedding-3-small'),
  ('00000000-0000-0000-0000-000000000503', 'azure_ai_search', 'teammemory-meeting-0002', 'text-embedding-3-small');

INSERT INTO todos (
  id,
  project_id,
  assignee_id,
  created_by,
  title,
  description,
  status,
  priority,
  due_date,
  source_document_id
) VALUES
  (
    '00000000-0000-0000-0000-000000000601',
    '00000000-0000-0000-0000-000000000301',
    '00000000-0000-0000-0000-000000000101',
    '00000000-0000-0000-0000-000000000102',
    '로그인 API 연동',
    '프론트 로그인 화면과 백엔드 인증 API를 연결한다.',
    'done',
    'high',
    '2026-05-24',
    '00000000-0000-0000-0000-000000000403'
  ),
  (
    '00000000-0000-0000-0000-000000000602',
    '00000000-0000-0000-0000-000000000301',
    '00000000-0000-0000-0000-000000000101',
    '00000000-0000-0000-0000-000000000102',
    'DB 스키마 확정',
    '프로젝트 중심 ERD v2와 DDL을 확정한다.',
    'done',
    'urgent',
    '2026-05-24',
    '00000000-0000-0000-0000-000000000401'
  ),
  (
    '00000000-0000-0000-0000-000000000603',
    '00000000-0000-0000-0000-000000000301',
    '00000000-0000-0000-0000-000000000103',
    '00000000-0000-0000-0000-000000000102',
    'RAG 파이프라인 초안',
    '문서 chunking, embedding 저장소 연동, 검색 API 흐름을 정리한다.',
    'in_progress',
    'high',
    '2026-05-26',
    '00000000-0000-0000-0000-000000000402'
  ),
  (
    '00000000-0000-0000-0000-000000000604',
    '00000000-0000-0000-0000-000000000301',
    '00000000-0000-0000-0000-000000000104',
    '00000000-0000-0000-0000-000000000102',
    '주간 보고서 초안',
    '현재 진행률, 남은 이슈, 다음 주 계획을 정리한다.',
    'delayed',
    'medium',
    '2026-05-26',
    '00000000-0000-0000-0000-000000000402'
  ),
  (
    '00000000-0000-0000-0000-000000000605',
    '00000000-0000-0000-0000-000000000301',
    '00000000-0000-0000-0000-000000000105',
    '00000000-0000-0000-0000-000000000102',
    '프론트 데이터 플레이스홀더 정리',
    '대시보드, Todo, 이슈 화면에 필요한 필드를 정리한다.',
    'todo',
    'medium',
    '2026-05-27',
    '00000000-0000-0000-0000-000000000401'
  ),
  (
    '00000000-0000-0000-0000-000000000606',
    '00000000-0000-0000-0000-000000000301',
    '00000000-0000-0000-0000-000000000102',
    '00000000-0000-0000-0000-000000000101',
    '자료 업로드 상태 정의',
    'uploaded, processing, completed, failed 상태별 화면 문구를 확정한다.',
    'done',
    'medium',
    '2026-05-25',
    '00000000-0000-0000-0000-000000000401'
  ),
  (
    '00000000-0000-0000-0000-000000000607',
    '00000000-0000-0000-0000-000000000301',
    '00000000-0000-0000-0000-000000000103',
    '00000000-0000-0000-0000-000000000101',
    '챗봇 출처 표시 방식 구현',
    'assistant 답변에 document_id와 chunk_id를 연결해 출처를 표시한다.',
    'in_progress',
    'high',
    '2026-05-28',
    '00000000-0000-0000-0000-000000000402'
  ),
  (
    '00000000-0000-0000-0000-000000000608',
    '00000000-0000-0000-0000-000000000301',
    '00000000-0000-0000-0000-000000000104',
    '00000000-0000-0000-0000-000000000101',
    '인수인계 누락 항목 검토',
    '인수인계 보고서에서 누락된 API, 배포, 테스트 항목을 확인한다.',
    'todo',
    'urgent',
    '2026-05-29',
    '00000000-0000-0000-0000-000000000401'
  );

INSERT INTO issues (
  id,
  project_id,
  reporter_id,
  assignee_id,
  title,
  description,
  severity,
  status,
  source_document_id
) VALUES
  (
    '00000000-0000-0000-0000-000000000701',
    '00000000-0000-0000-0000-000000000301',
    '00000000-0000-0000-0000-000000000102',
    '00000000-0000-0000-0000-000000000103',
    '문서 chunk 분리 기준 미확정',
    'PDF와 회의록의 chunk 크기 기준이 아직 정해지지 않았다.',
    'high',
    'in_progress',
    '00000000-0000-0000-0000-000000000401'
  ),
  (
    '00000000-0000-0000-0000-000000000702',
    '00000000-0000-0000-0000-000000000301',
    '00000000-0000-0000-0000-000000000104',
    '00000000-0000-0000-0000-000000000101',
    'API 응답 형식 미확정',
    '대시보드 집계 API의 응답 필드명이 백엔드와 프론트 사이에서 확정되지 않았다.',
    'medium',
    'open',
    '00000000-0000-0000-0000-000000000403'
  ),
  (
    '00000000-0000-0000-0000-000000000703',
    '00000000-0000-0000-0000-000000000301',
    '00000000-0000-0000-0000-000000000101',
    '00000000-0000-0000-0000-000000000102',
    '인수인계 점수 산정 기준 필요',
    'handoff_score를 어떤 기준으로 계산할지 정책 문서가 필요하다.',
    'critical',
    'open',
    '00000000-0000-0000-0000-000000000401'
  );

INSERT INTO chat_messages (
  project_id,
  user_id,
  role,
  content,
  sources_json,
  created_at
) VALUES
  (
    '00000000-0000-0000-0000-000000000301',
    '00000000-0000-0000-0000-000000000102',
    'user',
    '이번 주에 지연된 작업이 뭐야?',
    '[]'::jsonb,
    '2026-05-24 14:00:00+09'
  ),
  (
    '00000000-0000-0000-0000-000000000301',
    NULL,
    'assistant',
    '주간 보고서 초안이 지연 상태입니다. 담당자는 최민지이고 마감일은 2026-05-26입니다.',
    '[{"document_id":"00000000-0000-0000-0000-000000000402","chunk_id":"00000000-0000-0000-0000-000000000503","title":"회의록_0522.docx","page":3}]'::jsonb,
    '2026-05-24 14:00:05+09'
  ),
  (
    '00000000-0000-0000-0000-000000000301',
    '00000000-0000-0000-0000-000000000101',
    'user',
    '인수인계에서 빠진 항목은?',
    '[]'::jsonb,
    '2026-05-24 15:10:00+09'
  ),
  (
    '00000000-0000-0000-0000-000000000301',
    NULL,
    'assistant',
    'API 응답 형식, 배포 절차, 테스트 범위, 인수인계 점수 산정 기준이 누락되어 있습니다.',
    '[{"document_id":"00000000-0000-0000-0000-000000000401","chunk_id":"00000000-0000-0000-0000-000000000501","title":"요구사항_정리.pdf","page":1}]'::jsonb,
    '2026-05-24 15:10:08+09'
  ),
  (
    '00000000-0000-0000-0000-000000000301',
    NULL,
    'system',
    '프로젝트 문서 3건 중 2건이 처리 완료 상태입니다.',
    '[]'::jsonb,
    '2026-05-24 16:00:00+09'
  );

INSERT INTO weekly_reports (
  id,
  project_id,
  week_start,
  week_end,
  content,
  progress_rate,
  created_by
) VALUES (
  '00000000-0000-0000-0000-000000000801',
  '00000000-0000-0000-0000-000000000301',
  '2026-05-18',
  '2026-05-24',
  'DB 스키마와 로그인 API 연동이 완료되었고, RAG 파이프라인과 주간 보고서 초안은 진행 중이다.',
  65,
  '00000000-0000-0000-0000-000000000102'
);

INSERT INTO handoff_reports (
  id,
  project_id,
  title,
  content,
  handoff_score,
  missing_items_json,
  created_by
) VALUES (
  '00000000-0000-0000-0000-000000000901',
  '00000000-0000-0000-0000-000000000301',
  'TeamMemory MVP 1차 인수인계 점검',
  '핵심 화면과 DB 구조는 정리되었으나 API 응답 형식, 배포 절차, 테스트 범위, 점수 산정 기준 보강이 필요하다.',
  82,
  '["API 응답 형식", "배포 절차", "테스트 범위", "점수 산정 기준"]'::jsonb,
  '00000000-0000-0000-0000-000000000102'
);

INSERT INTO ai_summaries (
  project_id,
  document_id,
  summary_type,
  summary,
  extracted_json
) VALUES
  (
    '00000000-0000-0000-0000-000000000301',
    '00000000-0000-0000-0000-000000000401',
    'document_summary',
    '대시보드는 프로젝트 진행률, Todo, 이슈, 인수인계 점수를 중심으로 구성된다.',
    '{"todos":["DB 스키마 확정"],"issues":["인수인계 점수 산정 기준 필요"]}'::jsonb
  ),
  (
    '00000000-0000-0000-0000-000000000301',
    NULL,
    'handoff_summary',
    '현재 인수인계 점수는 82점이며, 4개 항목 보강이 필요하다.',
    '{"handoff_score":82,"missing_count":4}'::jsonb
  );
