id,business_entity_id,project_id,supplier_id,product_id,quantity,po_date,expected_arrival_date,actual_arrival_date,status,purchase_owner_member_id,related_issue_id,created_at,updated_at
PO-00001,BE-PO-0001,PROJ-001,SUP-002,AP-TM-118,3188,2026-03-05,2026-04-16,2026-04-30,partially_received,PM-005,ISS-2025-013,2026-03-05T09:00:00,2026-06-01T09:00:00
PO-00002,BE-PO-0002,PROJ-001,SUP-004,AP-SC-330,5588,2026-01-29,2026-03-05,2026-03-03,delayed,PM-007,ISS-2026-003,2026-01-29T09:00:00,2026-06-01T09:00:00
PO-00003,BE-PO-0003,PROJ-001,SUP-003,AP-RL-450,5602,2026-02-08,2026-04-10,2026-04-17,partially_received,PM-006,ISS-2025-012,2026-02-08T09:00:00,2026-06-01T09:00:00
PO-00004,BE-PO-0004,PROJ-001,SUP-005,AP-RL-450,3974,2025-10-01,2025-12-07,2025-12-10,received,PM-006,ISS-2025-007,2025-10-01T09:00:00,2026-06-01T09:00:00
PO-00005,BE-PO-0005,PROJ-001,SUP-002,AP-WH-220,3658,2025-07-18,2025-09-04,2025-09-11,open,PM-005,,2025-07-18T09:00:00,2026-06-01T09:00:00
PO-00006,BE-PO-0006,PROJ-001,SUP-001,AP-CN-204,4501,2025-08-28,2025-09-17,2025-10-01,received,PM-007,ISS-2026-008,2025-08-28T09:00:00,2026-06-01T09:00:00
PO-00007,BE-PO-0007,PROJ-001,SUP-001,AP-CN-204,7387,2025-06-30,2025-08-12,2025-08-26,delayed,PM-006,ISS-2026-004,2025-06-30T09:00:00,2026-06-01T09:00:00
PO-00008,BE-PO-0008,PROJ-001,SUP-002,AP-WH-220,4302,2026-01-01,2026-01-27,2026-01-27,partially_received,PM-007,ISS-2025-008,2026-01-01T09:00:00,2026-06-01T09:00:00
PO-00009,BE-PO-0009,PROJ-001,SUP-001,AP-SC-330,1395,2025-10-17,2025-12-04,2025-12-02,open,PM-006,ISS-2026-009,2025-10-17T09:00:00,2026-06-01T09:00:00
PO-00010,BE-PO-0010,PROJ-001,SUP-004,AP-SC-330,590,2025-08-02,2025-10-06,2025-10-04,open,PM-007,ISS-2025-011,2025-08-02T09:00:00,2026-06-01T09:00:00
PO-00011,BE-PO-0011,PROJ-001,SUP-004,AP-SC-330,3101,2025-10-29,2025-12-02,2025-12-05,open,PM-007,ISS-2025-014,2025-10-29T09:00:00,2026-06-01T09:00:00
PO-00012,BE-PO-0012,PROJ-001,SUP-004,AP-TM-118,5152,2026-03-04,2026-03-21,2026-03-21,open,PM-007,ISS-2026-001,2026-03-04T09:00:00,2026-06-01T09:00:00
PO-00013,BE-PO-0013,PROJ-001,SUP-002,AP-RL-450,3318,2025-10-01,2025-11-05,2025-11-05,partially_received,PM-007,ISS-2025-007,2025-10-01T09:00:00,2026-06-01T09:00:00
PO-00014,BE-PO-0014,PROJ-001,SUP-003,AP-CN-204,1158,2026-04-28,2026-05-22,2026-05-29,open,PM-007,ISS-2026-007,2026-04-28T09:00:00,2026-06-01T09:00:00
PO-00015,BE-PO-0015,PROJ-001,SUP-004,AP-CN-204,4282,2025-06-12,2025-08-20,2025-08-23,delayed,PM-006,ISS-2026-007,2025-06-12T09:00:00,2026-06-01T09:00:00
PO-00016,BE-PO-0016,PROJ-001,SUP-003,AP-RL-450,7273,2025-06-27,2025-09-05,2025-09-05,partially_received,PM-005,ISS-2025-012,2025-06-27T09:00:00,2026-06-01T09:00:00
PO-00017,BE-PO-0017,PROJ-001,SUP-002,AP-TM-118,6157,2025-10-07,2025-11-21,2025-11-21,delayed,PM-006,ISS-2025-013,2025-10-07T09:00:00,2026-06-01T09:00:00
PO-00018,BE-PO-0018,PROJ-001,SUP-003,AP-RL-450,6839,2026-01-29,2026-03-19,2026-03-22,open,PM-007,ISS-2025-012,2026-01-29T09:00:00,2026-06-01T09:00:00
PO-00019,BE-PO-0019,PROJ-001,SUP-004,AP-SC-330,4764,2025-07-27,2025-09-02,2025-09-02,received,PM-007,ISS-2025-011,2025-07-27T09:00:00,2026-06-01T09:00:00
PO-00020,BE-PO-0020,PROJ-001,SUP-001,AP-CN-204,3253,2026-01-14,2026-02-07,2026-02-05,delayed,PM-005,ISS-2025-006,2026-01-14T09:00:00,2026-06-01T09:00:00
PO-00021,BE-PO-0021,PROJ-001,SUP-001,AP-TM-118,7793,2026-01-21,2026-03-26,2026-03-27,open,PM-005,ISS-2026-001,2026-01-21T09:00:00,2026-06-01T09:00:00
PO-00022,BE-PO-0022,PROJ-001,SUP-004,AP-SC-330,2481,2025-11-29,2025-12-16,2025-12-30,received,PM-007,ISS-2025-011,2025-11-29T09:00:00,2026-06-01T09:00:00
PO-00023,BE-PO-0023,PROJ-001,SUP-004,AP-RL-450,2019,2025-12-29,2026-01-28,2026-01-29,delayed,PM-006,ISS-2025-007,2025-12-29T09:00:00,2026-06-01T09:00:00
PO-00024,BE-PO-0024,PROJ-001,SUP-001,AP-CB-510,6328,2026-05-02,2026-06-01,2026-05-30,received,PM-007,,2026-05-02T09:00:00,2026-06-01T09:00:00
PO-00025,BE-PO-0025,PROJ-001,SUP-001,AP-CN-204,6551,2025-08-03,2025-09-20,2025-09-21,delayed,PM-006,ISS-2025-006,2025-08-03T09:00:00,2026-06-01T09:00:00
PO-00026,BE-PO-0026,PROJ-001,SUP-004,AP-CN-204,7210,2025-09-12,2025-10-16,2025-10-19,received,PM-007,,2025-09-12T09:00:00,2026-06-01T09:00:00
PO-00027,BE-PO-0027,PROJ-001,SUP-002,AP-WH-220,6323,2025-11-18,2026-01-21,2026-01-21,partially_received,PM-006,ISS-2025-008,2025-11-18T09:00:00,2026-06-01T09:00:00
PO-00028,BE-PO-0028,PROJ-001,SUP-001,AP-TM-118,7911,2025-10-15,2025-11-18,2025-11-16,received,PM-006,ISS-2026-009,2025-10-15T09:00:00,2026-06-01T09:00:00
PO-00029,BE-PO-0029,PROJ-001,SUP-003,AP-TM-118,7896,2025-09-05,2025-10-17,2025-10-17,delayed,PM-007,ISS-2026-001,2025-09-05T09:00:00,2026-06-01T09:00:00
PO-00030,BE-PO-0030,PROJ-001,SUP-001,AP-WH-220,5478,2025-07-11,2025-08-25,2025-08-23,open,PM-006,ISS-2026-009,2025-07-11T09:00:00,2026-06-01T09:00:00
PO-00031,BE-PO-0031,PROJ-001,SUP-004,AP-SC-330,6547,2026-01-02,2026-01-17,2026-01-18,partially_received,PM-005,ISS-2025-011,2026-01-02T09:00:00,2026-06-01T09:00:00
PO-00032,BE-PO-0032,PROJ-001,SUP-001,AP-CN-204,5944,2026-01-17,2026-02-03,2026-02-06,received,PM-005,ISS-2026-005,2026-01-17T09:00:00,2026-06-01T09:00:00
PO-00033,BE-PO-0033,PROJ-001,SUP-004,AP-SC-330,3579,2026-02-27,2026-03-20,2026-03-27,received,PM-006,ISS-2025-014,2026-02-27T09:00:00,2026-06-01T09:00:00
PO-00034,BE-PO-0034,PROJ-001,SUP-003,AP-RL-450,4183,2026-04-05,2026-05-16,2026-05-23,open,PM-007,ISS-2025-012,2026-04-05T09:00:00,2026-06-01T09:00:00
PO-00035,BE-PO-0035,PROJ-001,SUP-003,AP-RL-450,6144,2026-04-02,2026-05-22,2026-05-25,partially_received,PM-007,ISS-2025-012,2026-04-02T09:00:00,2026-06-01T09:00:00
PO-00036,BE-PO-0036,PROJ-001,SUP-003,AP-RL-450,7622,2025-09-08,2025-10-09,2025-10-23,partially_received,PM-006,ISS-2025-012,2025-09-08T09:00:00,2026-06-01T09:00:00
PO-00037,BE-PO-0037,PROJ-001,SUP-002,AP-TM-118,7730,2025-09-28,2025-10-30,2025-10-31,partially_received,PM-007,ISS-2025-013,2025-09-28T09:00:00,2026-06-01T09:00:00
PO-00038,BE-PO-0038,PROJ-001,SUP-004,AP-CB-510,7483,2025-08-05,2025-09-07,2025-09-14,open,PM-005,ISS-2026-006,2025-08-05T09:00:00,2026-06-01T09:00:00
PO-00039,BE-PO-0039,PROJ-001,SUP-004,AP-SC-330,1754,2025-10-17,2025-12-05,2025-12-19,received,PM-005,ISS-2025-014,2025-10-17T09:00:00,2026-06-01T09:00:00
PO-00040,BE-PO-0040,PROJ-001,SUP-002,AP-TM-118,1470,2026-05-12,2026-06-01,2026-06-01,delayed,PM-007,,2026-05-12T09:00:00,2026-06-01T09:00:00
PO-00041,BE-PO-0041,PROJ-001,SUP-003,AP-RL-450,2942,2026-02-07,2026-03-26,2026-03-24,received,PM-007,,2026-02-07T09:00:00,2026-06-01T09:00:00
PO-00042,BE-PO-0042,PROJ-001,SUP-001,AP-CN-204,4775,2026-01-31,2026-02-18,2026-02-16,received,PM-006,ISS-2026-005,2026-01-31T09:00:00,2026-06-01T09:00:00
PO-00043,BE-PO-0043,PROJ-001,SUP-003,AP-TM-118,6909,2026-03-01,2026-04-13,2026-04-16,received,PM-005,ISS-2026-001,2026-03-01T09:00:00,2026-06-01T09:00:00
PO-00044,BE-PO-0044,PROJ-001,SUP-001,AP-CN-204,6202,2026-02-15,2026-03-13,2026-03-13,open,PM-005,ISS-2026-005,2026-02-15T09:00:00,2026-06-01T09:00:00
PO-00045,BE-PO-0045,PROJ-001,SUP-001,AP-CN-204,1399,2025-06-17,2025-08-13,2025-08-16,partially_received,PM-006,ISS-2026-005,2025-06-17T09:00:00,2026-06-01T09:00:00
PO-00046,BE-PO-0046,PROJ-001,SUP-003,AP-RL-450,3545,2025-09-24,2025-10-20,2025-10-23,received,PM-006,ISS-2025-007,2025-09-24T09:00:00,2026-06-01T09:00:00
PO-00047,BE-PO-0047,PROJ-001,SUP-004,AP-RL-450,7642,2025-10-13,2025-12-16,2025-12-19,open,PM-007,,2025-10-13T09:00:00,2026-06-01T09:00:00
PO-00048,BE-PO-0048,PROJ-001,SUP-005,AP-CB-510,7203,2025-10-20,2025-12-06,2025-12-07,open,PM-006,ISS-2025-009,2025-10-20T09:00:00,2026-06-01T09:00:00
PO-00049,BE-PO-0049,PROJ-001,SUP-004,AP-SC-330,7258,2025-10-19,2025-12-20,2025-12-27,delayed,PM-007,ISS-2025-014,2025-10-19T09:00:00,2026-06-01T09:00:00
PO-00050,BE-PO-0050,PROJ-001,SUP-001,AP-CN-204,7915,2026-02-24,2026-03-29,2026-04-05,partially_received,PM-006,,2026-02-24T09:00:00,2026-06-01T09:00:00
PO-00051,BE-PO-0051,PROJ-001,SUP-004,AP-SC-330,827,2025-06-26,2025-07-22,2025-07-20,open,PM-005,ISS-2025-011,2025-06-26T09:00:00,2026-06-01T09:00:00
PO-00052,BE-PO-0052,PROJ-001,SUP-001,AP-CB-510,7972,2025-06-25,2025-08-20,2025-08-21,open,PM-005,ISS-2025-009,2025-06-25T09:00:00,2026-06-01T09:00:00
PO-00053,BE-PO-0053,PROJ-001,SUP-004,AP-SC-330,2087,2026-03-28,2026-05-05,2026-05-05,delayed,PM-006,ISS-2026-003,2026-03-28T09:00:00,2026-06-01T09:00:00
PO-00054,BE-PO-0054,PROJ-001,SUP-005,AP-CB-510,2366,2025-07-09,2025-09-01,2025-09-02,received,PM-006,ISS-2025-010,2025-07-09T09:00:00,2026-06-01T09:00:00
PO-00055,BE-PO-0055,PROJ-001,SUP-004,AP-SC-330,4463,2025-12-28,2026-03-08,2026-03-06,received,PM-006,ISS-2026-003,2025-12-28T09:00:00,2026-06-01T09:00:00
PO-00056,BE-PO-0056,PROJ-001,SUP-001,AP-CN-204,6508,2025-07-18,2025-09-18,2025-10-02,received,PM-005,ISS-2025-006,2025-07-18T09:00:00,2026-06-01T09:00:00
PO-00057,BE-PO-0057,PROJ-001,SUP-001,AP-CN-204,1899,2025-12-08,2025-12-30,2025-12-30,open,PM-007,ISS-2026-004,2025-12-08T09:00:00,2026-06-01T09:00:00
PO-00058,BE-PO-0058,PROJ-001,SUP-004,AP-SC-330,7217,2025-06-13,2025-08-15,2025-08-18,delayed,PM-006,ISS-2026-003,2025-06-13T09:00:00,2026-06-01T09:00:00
PO-00059,BE-PO-0059,PROJ-001,SUP-001,AP-CB-510,6270,2025-08-05,2025-09-15,2025-09-22,partially_received,PM-005,ISS-2025-009,2025-08-05T09:00:00,2026-06-01T09:00:00
PO-00060,BE-PO-0060,PROJ-001,SUP-002,AP-CB-510,4797,2025-11-04,2026-01-03,2026-01-10,open,PM-006,ISS-2026-006,2025-11-04T09:00:00,2026-06-01T09:00:00
PO-00061,BE-PO-0061,PROJ-001,SUP-005,AP-CB-510,6667,2026-01-06,2026-01-25,2026-01-28,received,PM-006,ISS-2025-010,2026-01-06T09:00:00,2026-06-01T09:00:00
PO-00062,BE-PO-0062,PROJ-001,SUP-001,AP-CN-204,577,2025-12-25,2026-02-10,2026-02-17,open,PM-006,ISS-2026-005,2025-12-25T09:00:00,2026-06-01T09:00:00
PO-00063,BE-PO-0063,PROJ-001,SUP-001,AP-CN-204,5635,2025-07-10,2025-09-01,2025-09-02,open,PM-006,ISS-2026-005,2025-07-10T09:00:00,2026-06-01T09:00:00
PO-00064,BE-PO-0064,PROJ-001,SUP-004,AP-CB-510,3099,2025-06-28,2025-08-05,2025-08-03,partially_received,PM-007,ISS-2025-009,2025-06-28T09:00:00,2026-06-01T09:00:00
PO-00065,BE-PO-0065,PROJ-001,SUP-003,AP-SC-330,587,2025-09-09,2025-10-20,2025-10-20,received,PM-006,,2025-09-09T09:00:00,2026-06-01T09:00:00
PO-00066,BE-PO-0066,PROJ-001,SUP-004,AP-SC-330,7613,2025-06-13,2025-08-16,2025-08-30,open,PM-006,ISS-2025-011,2025-06-13T09:00:00,2026-06-01T09:00:00
PO-00067,BE-PO-0067,PROJ-001,SUP-001,AP-CB-510,4970,2026-05-19,2026-06-01,2026-06-01,delayed,PM-005,,2026-05-19T09:00:00,2026-06-01T09:00:00
PO-00068,BE-PO-0068,PROJ-001,SUP-004,AP-WH-220,6267,2025-07-27,2025-08-15,2025-08-18,open,PM-005,,2025-07-27T09:00:00,2026-06-01T09:00:00
PO-00069,BE-PO-0069,PROJ-001,SUP-003,AP-CN-204,2471,2025-10-07,2025-12-07,2025-12-05,partially_received,PM-005,,2025-10-07T09:00:00,2026-06-01T09:00:00
PO-00070,BE-PO-0070,PROJ-001,SUP-004,AP-SC-330,3351,2025-10-22,2025-11-18,2025-12-02,partially_received,PM-006,ISS-2026-003,2025-10-22T09:00:00,2026-06-01T09:00:00
PO-00071,BE-PO-0071,PROJ-001,SUP-001,AP-CB-510,3453,2025-09-23,2025-11-26,2025-11-26,open,PM-006,ISS-2026-009,2025-09-23T09:00:00,2026-06-01T09:00:00
PO-00072,BE-PO-0072,PROJ-001,SUP-005,AP-CB-510,924,2025-07-24,2025-08-31,2025-09-01,open,PM-007,ISS-2026-007,2025-07-24T09:00:00,2026-06-01T09:00:00
PO-00073,BE-PO-0073,PROJ-001,SUP-001,AP-CN-204,1912,2026-01-19,2026-03-27,2026-04-03,delayed,PM-006,ISS-2026-004,2026-01-19T09:00:00,2026-06-01T09:00:00
PO-00074,BE-PO-0074,PROJ-001,SUP-001,AP-RL-450,5186,2025-06-14,2025-07-27,2025-08-10,open,PM-007,ISS-2025-007,2025-06-14T09:00:00,2026-06-01T09:00:00
PO-00075,BE-PO-0075,PROJ-001,SUP-001,AP-CN-204,5970,2025-11-02,2025-12-20,2026-01-03,partially_received,PM-005,ISS-2026-005,2025-11-02T09:00:00,2026-06-01T09:00:00
PO-00076,BE-PO-0076,PROJ-001,SUP-002,AP-TM-118,7001,2026-05-11,2026-06-01,2026-06-01,delayed,PM-007,ISS-2025-013,2026-05-11T09:00:00,2026-06-01T09:00:00
PO-00077,BE-PO-0077,PROJ-001,SUP-004,AP-SC-330,7529,2025-08-02,2025-09-13,2025-09-20,partially_received,PM-006,ISS-2025-014,2025-08-02T09:00:00,2026-06-01T09:00:00
PO-00078,BE-PO-0078,PROJ-001,SUP-001,AP-CN-204,5091,2025-08-13,2025-09-23,2025-10-07,delayed,PM-006,ISS-2025-006,2025-08-13T09:00:00,2026-06-01T09:00:00
PO-00079,BE-PO-0079,PROJ-001,SUP-004,AP-SC-330,5745,2026-02-18,2026-04-03,2026-04-17,received,PM-005,ISS-2026-003,2026-02-18T09:00:00,2026-06-01T09:00:00
PO-00080,BE-PO-0080,PROJ-001,SUP-002,AP-CB-510,2838,2026-01-03,2026-02-20,2026-02-20,received,PM-006,ISS-2025-009,2026-01-03T09:00:00,2026-06-01T09:00:00
PO-00081,BE-PO-0081,PROJ-001,SUP-004,AP-SC-330,7768,2026-03-22,2026-05-24,2026-05-27,delayed,PM-006,ISS-2025-014,2026-03-22T09:00:00,2026-06-01T09:00:00
PO-00082,BE-PO-0082,PROJ-001,SUP-004,AP-SC-330,6451,2025-10-13,2025-12-05,2025-12-19,delayed,PM-006,ISS-2025-014,2025-10-13T09:00:00,2026-06-01T09:00:00
PO-00083,BE-PO-0083,PROJ-001,SUP-002,AP-CB-510,4908,2026-01-06,2026-03-13,2026-03-13,open,PM-005,ISS-2026-007,2026-01-06T09:00:00,2026-06-01T09:00:00
PO-00084,BE-PO-0084,PROJ-001,SUP-001,AP-CB-510,5677,2025-10-04,2025-11-01,2025-11-08,partially_received,PM-007,,2025-10-04T09:00:00,2026-06-01T09:00:00
PO-00085,BE-PO-0085,PROJ-001,SUP-005,AP-CB-510,5021,2025-07-19,2025-08-18,2025-08-25,partially_received,PM-007,ISS-2025-010,2025-07-19T09:00:00,2026-06-01T09:00:00
PO-00086,BE-PO-0086,PROJ-001,SUP-004,AP-CB-510,1746,2026-02-26,2026-04-15,2026-04-18,partially_received,PM-005,ISS-2026-006,2026-02-26T09:00:00,2026-06-01T09:00:00
PO-00087,BE-PO-0087,PROJ-001,SUP-004,AP-SC-330,5288,2025-11-25,2026-01-24,2026-01-25,received,PM-005,ISS-2025-011,2025-11-25T09:00:00,2026-06-01T09:00:00
PO-00088,BE-PO-0088,PROJ-001,SUP-002,AP-WH-220,3860,2026-04-18,2026-06-01,2026-06-01,partially_received,PM-005,ISS-2025-008,2026-04-18T09:00:00,2026-06-01T09:00:00
PO-00089,BE-PO-0089,PROJ-001,SUP-004,AP-SC-330,1293,2026-02-06,2026-02-28,2026-03-07,delayed,PM-006,ISS-2025-014,2026-02-06T09:00:00,2026-06-01T09:00:00
PO-00090,BE-PO-0090,PROJ-001,SUP-001,AP-CN-204,4650,2026-03-15,2026-05-02,2026-05-05,partially_received,PM-007,ISS-2026-004,2026-03-15T09:00:00,2026-06-01T09:00:00
PO-00091,BE-PO-0091,PROJ-001,SUP-001,AP-TM-118,4526,2025-08-17,2025-10-08,2025-10-06,received,PM-007,ISS-2026-001,2025-08-17T09:00:00,2026-06-01T09:00:00
PO-00092,BE-PO-0092,PROJ-001,SUP-004,AP-CB-510,2613,2026-05-18,2026-06-01,2026-06-01,delayed,PM-007,ISS-2025-009,2026-05-18T09:00:00,2026-06-01T09:00:00
PO-00093,BE-PO-0093,PROJ-001,SUP-001,AP-CN-204,5285,2025-09-12,2025-11-07,2025-11-14,received,PM-007,ISS-2026-005,2025-09-12T09:00:00,2026-06-01T09:00:00
PO-00094,BE-PO-0094,PROJ-001,SUP-001,AP-RL-450,1664,2026-02-18,2026-04-16,2026-04-19,open,PM-007,ISS-2025-007,2026-02-18T09:00:00,2026-06-01T09:00:00
PO-00095,BE-PO-0095,PROJ-001,SUP-001,AP-CN-204,785,2025-12-28,2026-01-18,2026-01-21,delayed,PM-005,ISS-2026-008,2025-12-28T09:00:00,2026-06-01T09:00:00
PO-00096,BE-PO-0096,PROJ-001,SUP-003,AP-CB-510,4737,2025-06-23,2025-07-25,2025-07-26,delayed,PM-005,ISS-2026-006,2025-06-23T09:00:00,2026-06-01T09:00:00
PO-00097,BE-PO-0097,PROJ-001,SUP-002,AP-TM-118,2614,2025-07-22,2025-09-16,2025-09-19,partially_received,PM-006,ISS-2026-002,2025-07-22T09:00:00,2026-06-01T09:00:00
PO-00098,BE-PO-0098,PROJ-001,SUP-003,AP-TM-118,6600,2026-03-31,2026-05-23,2026-05-21,delayed,PM-005,ISS-2026-001,2026-03-31T09:00:00,2026-06-01T09:00:00
PO-00099,BE-PO-0099,PROJ-001,SUP-005,AP-CB-510,1886,2026-03-08,2026-04-02,2026-04-03,partially_received,PM-006,ISS-2025-009,2026-03-08T09:00:00,2026-06-01T09:00:00
PO-00100,BE-PO-0100,PROJ-001,SUP-001,AP-CB-510,6747,2025-12-19,2026-01-23,2026-01-23,partially_received,PM-007,ISS-2026-009,2025-12-19T09:00:00,2026-06-01T09:00:00
PO-00101,BE-PO-0101,PROJ-001,SUP-002,AP-TM-118,827,2025-10-03,2025-11-01,2025-11-01,received,PM-007,ISS-2026-002,2025-10-03T09:00:00,2026-06-01T09:00:00
PO-00102,BE-PO-0102,PROJ-001,SUP-004,AP-SC-330,5593,2026-04-15,2026-06-01,2026-06-01,partially_received,PM-007,ISS-2025-011,2026-04-15T09:00:00,2026-06-01T09:00:00
PO-00103,BE-PO-0103,PROJ-001,SUP-002,AP-CB-510,2052,2025-12-17,2026-01-30,2026-01-28,delayed,PM-007,ISS-2026-007,2025-12-17T09:00:00,2026-06-01T09:00:00
PO-00104,BE-PO-0104,PROJ-001,SUP-002,AP-TM-118,4218,2026-03-02,2026-03-31,2026-03-31,open,PM-005,ISS-2026-001,2026-03-02T09:00:00,2026-06-01T09:00:00
PO-00105,BE-PO-0105,PROJ-001,SUP-001,AP-TM-118,7585,2025-06-27,2025-07-15,2025-07-29,partially_received,PM-007,ISS-2026-001,2025-06-27T09:00:00,2026-06-01T09:00:00
PO-00106,BE-PO-0106,PROJ-001,SUP-001,AP-CN-204,7852,2025-12-31,2026-02-06,2026-02-20,delayed,PM-005,ISS-2026-008,2025-12-31T09:00:00,2026-06-01T09:00:00
PO-00107,BE-PO-0107,PROJ-001,SUP-002,AP-TM-118,4862,2026-02-01,2026-04-07,2026-04-07,partially_received,PM-007,ISS-2025-013,2026-02-01T09:00:00,2026-06-01T09:00:00
PO-00108,BE-PO-0108,PROJ-001,SUP-003,AP-RL-450,5980,2025-07-31,2025-09-19,2025-09-19,open,PM-005,ISS-2025-007,2025-07-31T09:00:00,2026-06-01T09:00:00
PO-00109,BE-PO-0109,PROJ-001,SUP-005,AP-CB-510,1911,2026-02-03,2026-02-24,2026-03-10,delayed,PM-006,ISS-2025-009,2026-02-03T09:00:00,2026-06-01T09:00:00
PO-00110,BE-PO-0110,PROJ-001,SUP-003,AP-CB-510,3288,2025-09-28,2025-11-19,2025-12-03,open,PM-006,ISS-2025-009,2025-09-28T09:00:00,2026-06-01T09:00:00
