-- OpsRadar v4 seed data adapted from origin/SeongWoo dummy_data/dummy_data.sql.
-- Target: local PostgreSQL first (teamazag_local), then VM after confirmation.

BEGIN;

TRUNCATE TABLE
  ai_summaries,
  chat_messages,
  handoff_reports,
  monthly_reports,
  weekly_reports,
  calendar_events,
  issue_history,
  todos,
  issues,
  embedding_jobs,
  chunk_embeddings,
  faiss_indexes,
  document_chunks,
  documents,
  project_members,
  projects,
  users,
  teams
RESTART IDENTITY CASCADE;

INSERT INTO teams (id, name, created_at, updated_at) VALUES
  ('a0000000-0000-0000-0000-000000000001', 'AZAG', now(), now());

INSERT INTO users (id, team_id, name, email, role, created_at, updated_at) VALUES
  ('b0000000-0000-0000-0000-000000000001', 'a0000000-0000-0000-0000-000000000001', '김희진', 'heejin@azag.dev', 'manager', now(), now()),
  ('b0000000-0000-0000-0000-000000000002', 'a0000000-0000-0000-0000-000000000001', '이성우', 'sungwoo@azag.dev', 'member', now(), now()),
  ('b0000000-0000-0000-0000-000000000003', 'a0000000-0000-0000-0000-000000000001', '김예은', 'yeeun@azag.dev', 'member', now(), now()),
  ('b0000000-0000-0000-0000-000000000004', 'a0000000-0000-0000-0000-000000000001', '김성호', 'sungho@azag.dev', 'member', now(), now()),
  ('b0000000-0000-0000-0000-000000000005', 'a0000000-0000-0000-0000-000000000001', '박주원', 'juwon@azag.dev', 'member', now(), now());

INSERT INTO projects (id, team_id, name, description, status, created_at, updated_at) VALUES
  (
    'c0000000-0000-0000-0000-000000000001',
    'a0000000-0000-0000-0000-000000000001',
    'OpsRadar MVP',
    '운영 기록을 AI가 분석하여 조직의 현재 상태와 리스크를 자동 구조화하는 AI 운영 인텔리전스 시스템',
    'active',
    now(),
    now()
  );

INSERT INTO project_members (id, team_id, project_id, user_id, role, status, joined_at) VALUES
  ('d0000000-0000-0000-0000-000000000001', 'a0000000-0000-0000-0000-000000000001', 'c0000000-0000-0000-0000-000000000001', 'b0000000-0000-0000-0000-000000000001', 'owner', 'active', now()),
  ('d0000000-0000-0000-0000-000000000002', 'a0000000-0000-0000-0000-000000000001', 'c0000000-0000-0000-0000-000000000001', 'b0000000-0000-0000-0000-000000000002', 'member', 'active', now()),
  ('d0000000-0000-0000-0000-000000000003', 'a0000000-0000-0000-0000-000000000001', 'c0000000-0000-0000-0000-000000000001', 'b0000000-0000-0000-0000-000000000003', 'member', 'active', now()),
  ('d0000000-0000-0000-0000-000000000004', 'a0000000-0000-0000-0000-000000000001', 'c0000000-0000-0000-0000-000000000001', 'b0000000-0000-0000-0000-000000000004', 'member', 'active', now()),
  ('d0000000-0000-0000-0000-000000000005', 'a0000000-0000-0000-0000-000000000001', 'c0000000-0000-0000-0000-000000000001', 'b0000000-0000-0000-0000-000000000005', 'member', 'active', now());

INSERT INTO documents (id, project_id, uploaded_by_member_id, file_name, file_type, storage_uri, content_hash, status, created_at, updated_at) VALUES
  ('e0000000-0000-0000-0000-000000000001', 'c0000000-0000-0000-0000-000000000001', 'd0000000-0000-0000-0000-000000000001', 'meeting_notes_20260505_kickoff.pdf', 'meeting', '/storage/docs/meeting_notes_20260505_kickoff.pdf', 'seed-doc-001', 'completed', '2026-05-05 10:00:00+09', '2026-05-05 10:00:00+09'),
  ('e0000000-0000-0000-0000-000000000002', 'c0000000-0000-0000-0000-000000000001', 'd0000000-0000-0000-0000-000000000004', 'chat_logs_20260512_backend.txt', 'chat', '/storage/docs/chat_logs_20260512_backend.txt', 'seed-doc-002', 'completed', '2026-05-12 14:00:00+09', '2026-05-12 14:00:00+09'),
  ('e0000000-0000-0000-0000-000000000003', 'c0000000-0000-0000-0000-000000000001', 'd0000000-0000-0000-0000-000000000001', 'meeting_notes_20260512_week2.pdf', 'meeting', '/storage/docs/meeting_notes_20260512_week2.pdf', 'seed-doc-003', 'completed', '2026-05-12 18:00:00+09', '2026-05-12 18:00:00+09'),
  ('e0000000-0000-0000-0000-000000000004', 'c0000000-0000-0000-0000-000000000001', 'd0000000-0000-0000-0000-000000000002', 'chat_logs_20260514_ai_pipeline.txt', 'chat', '/storage/docs/chat_logs_20260514_ai_pipeline.txt', 'seed-doc-004', 'completed', '2026-05-14 09:00:00+09', '2026-05-14 09:00:00+09'),
  ('e0000000-0000-0000-0000-000000000005', 'c0000000-0000-0000-0000-000000000001', 'd0000000-0000-0000-0000-000000000003', 'issue_log_20260514_azure_timeout.txt', 'other', '/storage/docs/issue_log_20260514_azure_timeout.txt', 'seed-doc-005', 'completed', '2026-05-14 11:00:00+09', '2026-05-14 11:00:00+09');

INSERT INTO document_chunks (id, document_id, chunk_index, content, token_count, content_hash, created_at) VALUES
  ('f0000000-0000-0000-0000-000000000001', 'e0000000-0000-0000-0000-000000000001', 0, '2026-05-05 킥오프 회의. 참석: 김희진(PM), 이성우(AI), 김예은(인프라), 김성호(백엔드), 박주원(프론트). 프로젝트명 OpsRadar로 확정. 8주 MVP 일정 합의. 기술스택: FastAPI + PostgreSQL + FAISS + React.', 82, 'seed-chunk-001', '2026-05-05 10:30:00+09'),
  ('f0000000-0000-0000-0000-000000000002', 'e0000000-0000-0000-0000-000000000001', 1, '1주차 주요 액션아이템: 김성호 - DB 스키마 설계 및 기본 API 껍데기 구현. 이성우 - RAG 파이프라인 설계 시작. 김예은 - Azure VM 및 PostgreSQL 환경 세팅. 박주원 - React 프로젝트 초기화 및 레이아웃 구성.', 70, 'seed-chunk-002', '2026-05-05 10:30:00+09'),
  ('f0000000-0000-0000-0000-000000000003', 'e0000000-0000-0000-0000-000000000002', 0, '김성호: documents API 엔드포인트 완성했습니다. POST /api/v1/documents/upload 동작 확인. 김희진: todos API도 이번 주 안에 껍데기라도 올려주세요. 김성호: 네 오늘 중으로 올리겠습니다.', 62, 'seed-chunk-003', '2026-05-12 14:30:00+09'),
  ('f0000000-0000-0000-0000-000000000004', 'e0000000-0000-0000-0000-000000000002', 1, '박주원: 프론트 레이아웃 완성. 사이드바 7개 메뉴 구현. 근데 API 명세서 기준으로 연동하면 되는거죠? 김희진: 맞아요 노션 API 명세서 참고하면 됩니다. 박주원: 확인했습니다. 업로드 UI부터 시작하겠습니다.', 69, 'seed-chunk-004', '2026-05-12 14:30:00+09'),
  ('f0000000-0000-0000-0000-000000000005', 'e0000000-0000-0000-0000-000000000003', 0, '2주차 회의 (2026-05-12). 진행상황: 백엔드 API 껍데기 완성(김성호), Azure VM 세팅 완료(김예은), 프론트 레이아웃 완성(박주원). 이슈: RAG 파이프라인 FAISS 연동 예상보다 복잡. 이성우 추가 시간 필요.', 77, 'seed-chunk-005', '2026-05-12 18:30:00+09'),
  ('f0000000-0000-0000-0000-000000000006', 'e0000000-0000-0000-0000-000000000004', 0, '이성우: FAISS 인덱스 저장/로드 구현 완료. 근데 Azure OpenAI API 타임아웃이 계속 발생합니다. 5초 이상 지연 케이스가 늘고 있어요. 김성호: 혹시 배치 사이즈 문제 아닐까요? 이성우: 확인해볼게요.', 71, 'seed-chunk-006', '2026-05-14 09:30:00+09'),
  ('f0000000-0000-0000-0000-000000000007', 'e0000000-0000-0000-0000-000000000004', 1, '이성우: RAG 검색 정확도가 예상보다 낮습니다. 청크 사이즈를 줄여봤는데도 관련 없는 결과가 섞여요. 임베딩 모델 교체를 고려해봐야 할 것 같습니다. 희진님 확인 부탁드려요.', 62, 'seed-chunk-007', '2026-05-14 09:30:00+09'),
  ('f0000000-0000-0000-0000-000000000008', 'e0000000-0000-0000-0000-000000000005', 0, '[이슈 로그 2026-05-14] Azure OpenAI API 응답 지연 5초 초과. 발생 빈도: 오전 기준 약 30%. 원인 추정: 토큰 한도 근접 또는 리전 부하. 담당: 이성우. 임시 조치: 재시도 로직 추가 필요.', 74, 'seed-chunk-008', '2026-05-14 11:30:00+09');

INSERT INTO faiss_indexes (id, project_id, index_path, embedding_model, embedding_dimension, version, status, created_at, activated_at) VALUES
  ('10000000-0000-0000-0000-000000000001', 'c0000000-0000-0000-0000-000000000001', 'data/faiss/opsradar_mvp_v1.index', 'text-embedding-3-small', 1536, 1, 'active', '2026-05-14 12:00:00+09', '2026-05-14 12:30:00+09');

INSERT INTO chunk_embeddings (id, chunk_id, faiss_index_id, vector_external_id, embedding_model, embedding_dimension, created_at) VALUES
  ('20000000-0000-0000-0000-000000000001', 'f0000000-0000-0000-0000-000000000001', '10000000-0000-0000-0000-000000000001', 0, 'text-embedding-3-small', 1536, now()),
  ('20000000-0000-0000-0000-000000000002', 'f0000000-0000-0000-0000-000000000002', '10000000-0000-0000-0000-000000000001', 1, 'text-embedding-3-small', 1536, now()),
  ('20000000-0000-0000-0000-000000000003', 'f0000000-0000-0000-0000-000000000003', '10000000-0000-0000-0000-000000000001', 2, 'text-embedding-3-small', 1536, now()),
  ('20000000-0000-0000-0000-000000000004', 'f0000000-0000-0000-0000-000000000004', '10000000-0000-0000-0000-000000000001', 3, 'text-embedding-3-small', 1536, now()),
  ('20000000-0000-0000-0000-000000000005', 'f0000000-0000-0000-0000-000000000005', '10000000-0000-0000-0000-000000000001', 4, 'text-embedding-3-small', 1536, now()),
  ('20000000-0000-0000-0000-000000000006', 'f0000000-0000-0000-0000-000000000006', '10000000-0000-0000-0000-000000000001', 5, 'text-embedding-3-small', 1536, now()),
  ('20000000-0000-0000-0000-000000000007', 'f0000000-0000-0000-0000-000000000007', '10000000-0000-0000-0000-000000000001', 6, 'text-embedding-3-small', 1536, now()),
  ('20000000-0000-0000-0000-000000000008', 'f0000000-0000-0000-0000-000000000008', '10000000-0000-0000-0000-000000000001', 7, 'text-embedding-3-small', 1536, now());

INSERT INTO embedding_jobs (id, project_id, document_id, faiss_index_id, job_type, status, started_at, finished_at) VALUES
  ('21000000-0000-0000-0000-000000000001', 'c0000000-0000-0000-0000-000000000001', 'e0000000-0000-0000-0000-000000000005', '10000000-0000-0000-0000-000000000001', 'document_embedding', 'completed', '2026-05-14 12:00:00+09', '2026-05-14 12:03:00+09');

INSERT INTO todos (id, project_id, assignee_member_id, source_chunk_id, title, status, priority, source_type, approval_status, confidence_score, due_at, created_at, updated_at) VALUES
  ('30000000-0000-0000-0000-000000000001', 'c0000000-0000-0000-0000-000000000001', 'd0000000-0000-0000-0000-000000000002', 'f0000000-0000-0000-0000-000000000008', 'Azure OpenAI API 타임아웃 원인 분석 및 재시도 로직 구현', 'in_progress', 'high', 'ai', 'approved', 92, '2026-05-16 18:00:00+09', '2026-05-14 12:00:00+09', '2026-05-14 12:00:00+09'),
  ('30000000-0000-0000-0000-000000000002', 'c0000000-0000-0000-0000-000000000001', 'd0000000-0000-0000-0000-000000000002', 'f0000000-0000-0000-0000-000000000007', 'RAG 검색 정확도 개선 - 청크 사이즈 및 임베딩 모델 재검토', 'pending', 'high', 'ai', 'pending', 87, '2026-05-18 18:00:00+09', '2026-05-14 12:00:00+09', '2026-05-14 12:00:00+09'),
  ('30000000-0000-0000-0000-000000000003', 'c0000000-0000-0000-0000-000000000001', 'd0000000-0000-0000-0000-000000000004', 'f0000000-0000-0000-0000-000000000005', 'todos API 엔드포인트 비즈니스 로직 구현', 'in_progress', 'high', 'ai', 'approved', 85, '2026-05-15 18:00:00+09', '2026-05-12 19:00:00+09', '2026-05-12 19:00:00+09'),
  ('30000000-0000-0000-0000-000000000004', 'c0000000-0000-0000-0000-000000000001', 'd0000000-0000-0000-0000-000000000005', 'f0000000-0000-0000-0000-000000000004', '파일 업로드 UI - API 연동 및 분석 상태 표시 구현', 'completed', 'high', 'ai', 'approved', 90, '2026-05-13 18:00:00+09', '2026-05-12 19:00:00+09', '2026-05-13 17:00:00+09'),
  ('30000000-0000-0000-0000-000000000005', 'c0000000-0000-0000-0000-000000000001', 'd0000000-0000-0000-0000-000000000003', 'f0000000-0000-0000-0000-000000000002', 'Azure VM PostgreSQL 환경 세팅 완료 확인', 'completed', 'medium', 'ai', 'approved', 88, '2026-05-09 18:00:00+09', '2026-05-05 11:00:00+09', '2026-05-09 16:00:00+09'),
  ('30000000-0000-0000-0000-000000000006', 'c0000000-0000-0000-0000-000000000001', 'd0000000-0000-0000-0000-000000000001', NULL, '3주차 팀 미팅 자료 준비 및 진행', 'pending', 'medium', 'manual', 'approved', NULL, '2026-05-19 10:00:00+09', '2026-05-14 09:00:00+09', '2026-05-14 09:00:00+09'),
  ('30000000-0000-0000-0000-000000000007', 'c0000000-0000-0000-0000-000000000001', 'd0000000-0000-0000-0000-000000000004', NULL, 'ERDCloud 수정 - monthly_reports 추가 및 FAISS 컬럼 반영', 'pending', 'medium', 'manual', 'approved', NULL, '2026-05-16 18:00:00+09', '2026-05-14 10:00:00+09', '2026-05-14 10:00:00+09'),
  ('30000000-0000-0000-0000-000000000008', 'c0000000-0000-0000-0000-000000000001', NULL, 'f0000000-0000-0000-0000-000000000006', 'FAISS 인덱스 파일 백업 정책 수립', 'pending', 'low', 'ai', 'pending', 62, NULL, '2026-05-14 12:00:00+09', '2026-05-14 12:00:00+09');

INSERT INTO issues (id, project_id, assignee_member_id, source_chunk_id, title, severity, status, source_type, approval_status, confidence_score, created_at, updated_at) VALUES
  ('40000000-0000-0000-0000-000000000001', 'c0000000-0000-0000-0000-000000000001', 'd0000000-0000-0000-0000-000000000002', 'f0000000-0000-0000-0000-000000000008', 'Azure OpenAI API 타임아웃 이슈 - 응답 지연 5초 초과 빈발', 'high', 'in_progress', 'ai', 'approved', 95, '2026-05-14 11:00:00+09', '2026-05-14 12:00:00+09'),
  ('40000000-0000-0000-0000-000000000002', 'c0000000-0000-0000-0000-000000000001', NULL, 'f0000000-0000-0000-0000-000000000007', 'RAG 검색 정확도 Blocked - 관련 없는 청크 혼입 문제', 'high', 'open', 'ai', 'approved', 88, '2026-05-14 09:30:00+09', '2026-05-14 09:30:00+09'),
  ('40000000-0000-0000-0000-000000000003', 'c0000000-0000-0000-0000-000000000001', 'd0000000-0000-0000-0000-000000000004', 'f0000000-0000-0000-0000-000000000005', 'Dashboard API 집계 쿼리 미구현 - 3주차 연동 지연 가능성', 'medium', 'open', 'ai', 'approved', 78, '2026-05-12 19:00:00+09', '2026-05-12 19:00:00+09'),
  ('40000000-0000-0000-0000-000000000004', 'c0000000-0000-0000-0000-000000000001', NULL, 'f0000000-0000-0000-0000-000000000006', 'FAISS 인덱스 파일 백업 정책 미수립 - 데이터 유실 위험', 'medium', 'open', 'ai', 'pending', 62, '2026-05-14 12:00:00+09', '2026-05-14 12:00:00+09'),
  ('40000000-0000-0000-0000-000000000005', 'c0000000-0000-0000-0000-000000000001', 'd0000000-0000-0000-0000-000000000003', 'f0000000-0000-0000-0000-000000000002', 'Azure VM PostgreSQL 연결 설정 오류 - asyncpg 드라이버 미설치', 'medium', 'resolved', 'manual', 'approved', NULL, '2026-05-06 10:00:00+09', '2026-05-08 15:00:00+09');

INSERT INTO issue_history (id, issue_id, status, changed_by_member_id, note, created_at) VALUES
  ('41000000-0000-0000-0000-000000000001', '40000000-0000-0000-0000-000000000001', 'open', 'd0000000-0000-0000-0000-000000000002', 'AI 탐지, confidence 95%', '2026-05-14 11:00:00+09'),
  ('41000000-0000-0000-0000-000000000002', '40000000-0000-0000-0000-000000000001', 'in_progress', 'd0000000-0000-0000-0000-000000000002', '이성우에게 배정', '2026-05-15 09:00:00+09'),
  ('41000000-0000-0000-0000-000000000003', '40000000-0000-0000-0000-000000000005', 'resolved', 'd0000000-0000-0000-0000-000000000003', 'asyncpg 드라이버 설치 후 해결', '2026-05-08 15:00:00+09');

INSERT INTO calendar_events (id, project_id, member_id, source_chunk_id, event_type, title, source_type, approval_status, starts_at, ends_at, created_at) VALUES
  ('42000000-0000-0000-0000-000000000001', 'c0000000-0000-0000-0000-000000000001', 'd0000000-0000-0000-0000-000000000001', 'f0000000-0000-0000-0000-000000000005', 'meeting', '3주차 팀 미팅', 'manual', 'approved', '2026-05-19 10:00:00+09', '2026-05-19 11:00:00+09', '2026-05-14 09:00:00+09'),
  ('42000000-0000-0000-0000-000000000002', 'c0000000-0000-0000-0000-000000000001', 'd0000000-0000-0000-0000-000000000004', NULL, 'deadline', 'todos API 비즈니스 로직 마감', 'manual', 'approved', '2026-05-15 18:00:00+09', NULL, '2026-05-12 19:00:00+09');

INSERT INTO weekly_reports (id, project_id, created_by_member_id, week_start, week_end, content, progress_rate, created_at) VALUES
  ('50000000-0000-0000-0000-000000000001', 'c0000000-0000-0000-0000-000000000001', 'd0000000-0000-0000-0000-000000000001', '2026-05-05', '2026-05-09', '1주차 운영 보고서: 킥오프 완료, 기술스택 및 역할 확정, Azure VM PostgreSQL 환경 세팅 시작.', 20, '2026-05-09 18:00:00+09'),
  ('50000000-0000-0000-0000-000000000002', 'c0000000-0000-0000-0000-000000000001', 'd0000000-0000-0000-0000-000000000001', '2026-05-12', '2026-05-16', '2주차 운영 보고서: API 껍데기 완성, 프론트 레이아웃 완성, FAISS 인덱스 저장/로드 기본 구현. Azure OpenAI 타임아웃과 RAG 검색 정확도 이슈가 남아 있음.', 45, '2026-05-16 18:00:00+09');

INSERT INTO monthly_reports (id, project_id, created_by_member_id, month_start, month_end, content, progress_rate, created_at) VALUES
  ('51000000-0000-0000-0000-000000000001', 'c0000000-0000-0000-0000-000000000001', 'd0000000-0000-0000-0000-000000000001', '2026-05-01', '2026-05-31', '5월 월간 보고서 중간본: 환경 세팅, API 구조, 프론트 레이아웃 완료. Azure OpenAI 타임아웃과 RAG 정확도 개선 필요.', 45, '2026-05-14 18:00:00+09');

INSERT INTO handoff_reports (id, project_id, from_member_id, to_member_id, handoff_type, content, created_at) VALUES
  ('52000000-0000-0000-0000-000000000001', 'c0000000-0000-0000-0000-000000000001', 'd0000000-0000-0000-0000-000000000001', 'd0000000-0000-0000-0000-000000000004', 'handover', 'OpsRadar MVP 현황 인수인계: PostgreSQL + FAISS 환경 세팅, API 엔드포인트 껍데기, 프론트 사이드바와 업로드 UI가 완료됨. 남은 항목은 인증, Dashboard 집계 API, AI Assistant RAG 완성.', '2026-05-14 17:00:00+09');

INSERT INTO chat_messages (id, project_id, member_id, role, content, created_at) VALUES
  ('60000000-0000-0000-0000-000000000001', 'c0000000-0000-0000-0000-000000000001', 'd0000000-0000-0000-0000-000000000001', 'user', '현재 가장 위험한 이슈는?', '2026-05-14 13:00:00+09'),
  ('60000000-0000-0000-0000-000000000002', 'c0000000-0000-0000-0000-000000000001', NULL, 'assistant', '현재 High Risk 이슈는 2건입니다. Azure OpenAI API 타임아웃과 RAG 검색 정확도 문제가 가장 큽니다.', '2026-05-14 13:00:05+09'),
  ('60000000-0000-0000-0000-000000000003', 'c0000000-0000-0000-0000-000000000001', 'd0000000-0000-0000-0000-000000000001', 'user', '이번주 미완료 Todo 알려줘', '2026-05-14 13:01:00+09'),
  ('60000000-0000-0000-0000-000000000004', 'c0000000-0000-0000-0000-000000000001', NULL, 'assistant', '이번 주 미완료 Todo는 Azure timeout 재시도 로직, RAG 정확도 개선, todos API 로직 구현, 3주차 미팅 자료 준비입니다.', '2026-05-14 13:01:05+09');

INSERT INTO ai_summaries (id, document_id, project_id, source_faiss_index_id, todo_count, issue_count, blocked_count, summary, created_at) VALUES
  ('70000000-0000-0000-0000-000000000001', 'e0000000-0000-0000-0000-000000000003', 'c0000000-0000-0000-0000-000000000001', '10000000-0000-0000-0000-000000000001', 3, 2, 1, '2주차 운영 요약: API 껍데기 전체 완성, 프론트 레이아웃 완성. Azure OpenAI 타임아웃과 RAG 검색 정확도 이슈가 High로 남아 있음.', '2026-05-12 19:00:00+09'),
  ('70000000-0000-0000-0000-000000000002', 'e0000000-0000-0000-0000-000000000005', 'c0000000-0000-0000-0000-000000000001', '10000000-0000-0000-0000-000000000001', 2, 1, 0, 'Azure OpenAI API 타임아웃 이슈 분석: 오전 기준 약 30% 발생. 재시도 로직 추가 및 배치 사이즈 조정 권고.', '2026-05-14 12:00:00+09');

COMMIT;
