-- =====================================================
-- OpsRadar 더미 데이터
-- 시나리오: AZAG팀이 OpsRadar를 개발하는 과정을
--           OpsRadar 자체로 분석하는 셀프 운영 기록
-- =====================================================

-- 실행 순서: teams → users → projects → project_members
--          → documents → document_chunks → chunk_embeddings
--          → todos → issues → weekly_reports → monthly_reports
--          → handoff_reports → chat_messages → ai_summaries

-- =====================================================
-- 1. TEAMS
-- =====================================================
INSERT INTO teams (id, name, created_at, updated_at) VALUES
  ('a0000000-0000-0000-0000-000000000001', 'AZAG', NOW(), NOW());

-- =====================================================
-- 2. USERS
-- =====================================================
INSERT INTO users (id, name, email, password_hash, role, created_at, updated_at) VALUES
  ('b0000000-0000-0000-0000-000000000001', '김희진', 'heejin@azag.dev',  'hash_heejin',  'pm',      NOW(), NOW()),
  ('b0000000-0000-0000-0000-000000000002', '이성우', 'sungwoo@azag.dev', 'hash_sungwoo', 'ai',      NOW(), NOW()),
  ('b0000000-0000-0000-0000-000000000003', '김예은', 'yeeun@azag.dev',   'hash_yeeun',   'infra',   NOW(), NOW()),
  ('b0000000-0000-0000-0000-000000000004', '김성호', 'sungho@azag.dev',  'hash_sungho',  'backend', NOW(), NOW()),
  ('b0000000-0000-0000-0000-000000000005', '박주원', 'juwon@azag.dev',   'hash_juwon',   'frontend',NOW(), NOW());

-- =====================================================
-- 3. PROJECTS
-- =====================================================
INSERT INTO projects (id, team_id, created_by, name, description, status, start_date, end_date, created_at, updated_at) VALUES
  ('c0000000-0000-0000-0000-000000000001',
   'a0000000-0000-0000-0000-000000000001',
   'b0000000-0000-0000-0000-000000000001',
   'OpsRadar MVP',
   '운영 기록을 AI가 분석하여 조직의 현재 상태와 리스크를 자동 구조화하는 AI 운영 인텔리전스 시스템',
   'in_progress',
   '2026-05-01',
   '2026-06-26',
   NOW(), NOW());

-- =====================================================
-- 4. PROJECT_MEMBERS
-- =====================================================
INSERT INTO project_members (id, project_id, user_id, role, joined_at) VALUES
  ('d0000000-0000-0000-0000-000000000001', 'c0000000-0000-0000-0000-000000000001', 'b0000000-0000-0000-0000-000000000001', 'admin',  NOW()),
  ('d0000000-0000-0000-0000-000000000002', 'c0000000-0000-0000-0000-000000000001', 'b0000000-0000-0000-0000-000000000002', 'member', NOW()),
  ('d0000000-0000-0000-0000-000000000003', 'c0000000-0000-0000-0000-000000000001', 'b0000000-0000-0000-0000-000000000003', 'member', NOW()),
  ('d0000000-0000-0000-0000-000000000004', 'c0000000-0000-0000-0000-000000000001', 'b0000000-0000-0000-0000-000000000004', 'member', NOW()),
  ('d0000000-0000-0000-0000-000000000005', 'c0000000-0000-0000-0000-000000000001', 'b0000000-0000-0000-0000-000000000005', 'member', NOW());

-- =====================================================
-- 5. DOCUMENTS
-- 시나리오: AZAG팀 실제 회의록, 채팅, 이슈 문서 업로드
-- =====================================================
INSERT INTO documents (id, project_id, uploaded_by, file_name, file_type, source_type, storage_path, status, uploaded_at, created_at, updated_at) VALUES
  -- 1주차
  ('e0000000-0000-0000-0000-000000000001',
   'c0000000-0000-0000-0000-000000000001',
   'b0000000-0000-0000-0000-000000000001',
   'meeting_notes_20260505_kickoff.pdf', 'meeting', 'meeting',
   '/storage/docs/meeting_notes_20260505_kickoff.pdf', 'completed',
   '2026-05-05 10:00:00', '2026-05-05 10:00:00', '2026-05-05 10:00:00'),

  -- 2주차
  ('e0000000-0000-0000-0000-000000000002',
   'c0000000-0000-0000-0000-000000000001',
   'b0000000-0000-0000-0000-000000000004',
   'chat_logs_20260512_backend.txt', 'chat', 'chat',
   '/storage/docs/chat_logs_20260512_backend.txt', 'completed',
   '2026-05-12 14:00:00', '2026-05-12 14:00:00', '2026-05-12 14:00:00'),

  ('e0000000-0000-0000-0000-000000000003',
   'c0000000-0000-0000-0000-000000000001',
   'b0000000-0000-0000-0000-000000000001',
   'meeting_notes_20260512_week2.pdf', 'meeting', 'meeting',
   '/storage/docs/meeting_notes_20260512_week2.pdf', 'completed',
   '2026-05-12 18:00:00', '2026-05-12 18:00:00', '2026-05-12 18:00:00'),

  -- 3주차
  ('e0000000-0000-0000-0000-000000000004',
   'c0000000-0000-0000-0000-000000000001',
   'b0000000-0000-0000-0000-000000000002',
   'chat_logs_20260514_ai_pipeline.txt', 'chat', 'chat',
   '/storage/docs/chat_logs_20260514_ai_pipeline.txt', 'completed',
   '2026-05-14 09:00:00', '2026-05-14 09:00:00', '2026-05-14 09:00:00'),

  ('e0000000-0000-0000-0000-000000000005',
   'c0000000-0000-0000-0000-000000000001',
   'b0000000-0000-0000-0000-000000000003',
   'issue_log_20260514_azure_timeout.txt', 'other', 'other',
   '/storage/docs/issue_log_20260514_azure_timeout.txt', 'completed',
   '2026-05-14 11:00:00', '2026-05-14 11:00:00', '2026-05-14 11:00:00');

-- =====================================================
-- 6. DOCUMENT_CHUNKS
-- =====================================================
INSERT INTO document_chunks (id, document_id, project_id, content, chunk_index, page_number, created_at) VALUES
  -- 킥오프 회의록 청크
  ('f0000000-0000-0000-0000-000000000001',
   'e0000000-0000-0000-0000-000000000001',
   'c0000000-0000-0000-0000-000000000001',
   '2026-05-05 킥오프 회의. 참석: 김희진(PM), 이성우(AI), 김예은(인프라), 김성호(백엔드), 박주원(프론트). 프로젝트명 OpsRadar로 확정. 8주 MVP 일정 합의. 기술스택: FastAPI + PostgreSQL + FAISS + React.',
   0, 1, '2026-05-05 10:30:00'),

  ('f0000000-0000-0000-0000-000000000002',
   'e0000000-0000-0000-0000-000000000001',
   'c0000000-0000-0000-0000-000000000001',
   '1주차 주요 액션아이템: 김성호 - DB 스키마 설계 및 기본 API 껍데기 구현. 이성우 - RAG 파이프라인 설계 시작. 김예은 - Azure VM 및 PostgreSQL 환경 세팅. 박주원 - React 프로젝트 초기화 및 레이아웃 구성.',
   1, 1, '2026-05-05 10:30:00'),

  -- 2주차 백엔드 채팅 청크
  ('f0000000-0000-0000-0000-000000000003',
   'e0000000-0000-0000-0000-000000000002',
   'c0000000-0000-0000-0000-000000000001',
   '김성호: documents API 엔드포인트 완성했습니다. POST /api/v1/documents/upload 동작 확인. 김희진: todos API도 이번 주 안에 껍데기라도 올려주세요. 김성호: 네 오늘 중으로 올리겠습니다.',
   0, 1, '2026-05-12 14:30:00'),

  ('f0000000-0000-0000-0000-000000000004',
   'e0000000-0000-0000-0000-000000000002',
   'c0000000-0000-0000-0000-000000000001',
   '박주원: 프론트 레이아웃 완성. 사이드바 7개 메뉴 구현. 근데 API 명세서 기준으로 연동하면 되는거죠? 김희진: 맞아요 노션 API 명세서 참고하면 됩니다. 박주원: 확인했습니다. 업로드 UI부터 시작하겠습니다.',
   1, 1, '2026-05-12 14:30:00'),

  -- 2주차 회의록 청크
  ('f0000000-0000-0000-0000-000000000005',
   'e0000000-0000-0000-0000-000000000003',
   'c0000000-0000-0000-0000-000000000001',
   '2주차 회의 (2026-05-12). 진행상황: 백엔드 API 껍데기 완성(김성호), Azure VM 세팅 완료(김예은), 프론트 레이아웃 완성(박주원). 이슈: RAG 파이프라인 FAISS 연동 예상보다 복잡. 이성우 추가 시간 필요.',
   0, 1, '2026-05-12 18:30:00'),

  -- AI 파이프라인 채팅 청크
  ('f0000000-0000-0000-0000-000000000006',
   'e0000000-0000-0000-0000-000000000004',
   'c0000000-0000-0000-0000-000000000001',
   '이성우: FAISS 인덱스 저장/로드 구현 완료. 근데 Azure OpenAI API 타임아웃이 계속 발생합니다. 5초 이상 지연 케이스가 늘고 있어요. 김성호: 혹시 배치 사이즈 문제 아닐까요? 이성우: 확인해볼게요.',
   0, 1, '2026-05-14 09:30:00'),

  ('f0000000-0000-0000-0000-000000000007',
   'e0000000-0000-0000-0000-000000000004',
   'c0000000-0000-0000-0000-000000000001',
   '이성우: RAG 검색 정확도가 예상보다 낮습니다. 청크 사이즈를 줄여봤는데도 관련 없는 결과가 섞여요. 임베딩 모델 교체를 고려해봐야 할 것 같습니다. 희진님 확인 부탁드려요.',
   1, 1, '2026-05-14 09:30:00'),

  -- Azure timeout 이슈 로그 청크
  ('f0000000-0000-0000-0000-000000000008',
   'e0000000-0000-0000-0000-000000000005',
   'c0000000-0000-0000-0000-000000000001',
   '[이슈 로그 2026-05-14] Azure OpenAI API 응답 지연 5초 초과. 발생 빈도: 오전 기준 약 30%. 원인 추정: 토큰 한도 근접 또는 리전 부하. 담당: 이성우. 임시 조치: 재시도 로직 추가 필요.',
   0, 1, '2026-05-14 11:30:00');

-- =====================================================
-- 7. CHUNK_EMBEDDINGS
-- =====================================================
INSERT INTO chunk_embeddings (id, chunk_id, faiss_index_path, faiss_index_id, embedding_model, created_at) VALUES
  ('g0000000-0000-0000-0000-000000000001', 'f0000000-0000-0000-0000-000000000001', 'data/faiss/index.faiss', 0, 'text-embedding-ada-002', NOW()),
  ('g0000000-0000-0000-0000-000000000002', 'f0000000-0000-0000-0000-000000000002', 'data/faiss/index.faiss', 1, 'text-embedding-ada-002', NOW()),
  ('g0000000-0000-0000-0000-000000000003', 'f0000000-0000-0000-0000-000000000003', 'data/faiss/index.faiss', 2, 'text-embedding-ada-002', NOW()),
  ('g0000000-0000-0000-0000-000000000004', 'f0000000-0000-0000-0000-000000000004', 'data/faiss/index.faiss', 3, 'text-embedding-ada-002', NOW()),
  ('g0000000-0000-0000-0000-000000000005', 'f0000000-0000-0000-0000-000000000005', 'data/faiss/index.faiss', 4, 'text-embedding-ada-002', NOW()),
  ('g0000000-0000-0000-0000-000000000006', 'f0000000-0000-0000-0000-000000000006', 'data/faiss/index.faiss', 5, 'text-embedding-ada-002', NOW()),
  ('g0000000-0000-0000-0000-000000000007', 'f0000000-0000-0000-0000-000000000007', 'data/faiss/index.faiss', 6, 'text-embedding-ada-002', NOW()),
  ('g0000000-0000-0000-0000-000000000008', 'f0000000-0000-0000-0000-000000000008', 'data/faiss/index.faiss', 7, 'text-embedding-ada-002', NOW());

-- =====================================================
-- 8. TODOS
-- =====================================================
INSERT INTO todos (id, project_id, assignee_id, created_by, reviewed_by, source_document_id, source_chunk_id, linked_issue_id, title, status, priority, source_type, approval_status, confidence_score, due_date, created_at, updated_at) VALUES
  -- AI 추출 Todo (승인 대기)
  ('h0000000-0000-0000-0000-000000000001',
   'c0000000-0000-0000-0000-000000000001',
   'b0000000-0000-0000-0000-000000000002', -- 이성우
   'b0000000-0000-0000-0000-000000000001', -- 김희진(시스템)
   NULL,
   'e0000000-0000-0000-0000-000000000005', -- azure timeout 문서
   'f0000000-0000-0000-0000-000000000008',
   NULL,
   'Azure OpenAI API 타임아웃 원인 분석 및 재시도 로직 구현',
   'in_progress', 'high', 'ai', 'approved', 92,
   '2026-05-16 18:00:00', '2026-05-14 12:00:00', '2026-05-14 12:00:00'),

  ('h0000000-0000-0000-0000-000000000002',
   'c0000000-0000-0000-0000-000000000001',
   'b0000000-0000-0000-0000-000000000002', -- 이성우
   'b0000000-0000-0000-0000-000000000001',
   NULL,
   'e0000000-0000-0000-0000-000000000004',
   'f0000000-0000-0000-0000-000000000007',
   NULL,
   'RAG 검색 정확도 개선 — 청크 사이즈 및 임베딩 모델 재검토',
   'pending', 'high', 'ai', 'pending', 87,
   '2026-05-18 18:00:00', '2026-05-14 12:00:00', '2026-05-14 12:00:00'),

  ('h0000000-0000-0000-0000-000000000003',
   'c0000000-0000-0000-0000-000000000001',
   'b0000000-0000-0000-0000-000000000004', -- 김성호
   'b0000000-0000-0000-0000-000000000001',
   NULL,
   'e0000000-0000-0000-0000-000000000003',
   'f0000000-0000-0000-0000-000000000005',
   NULL,
   'todos API 엔드포인트 비즈니스 로직 구현',
   'in_progress', 'high', 'ai', 'approved', 85,
   '2026-05-15 18:00:00', '2026-05-12 19:00:00', '2026-05-12 19:00:00'),

  ('h0000000-0000-0000-0000-000000000004',
   'c0000000-0000-0000-0000-000000000001',
   'b0000000-0000-0000-0000-000000000005', -- 박주원
   'b0000000-0000-0000-0000-000000000001',
   NULL,
   'e0000000-0000-0000-0000-000000000002',
   'f0000000-0000-0000-0000-000000000004',
   NULL,
   '파일 업로드 UI — API 연동 및 분석 상태 표시 구현',
   'completed', 'high', 'ai', 'approved', 90,
   '2026-05-13 18:00:00', '2026-05-12 19:00:00', '2026-05-13 17:00:00'),

  ('h0000000-0000-0000-0000-000000000005',
   'c0000000-0000-0000-0000-000000000001',
   'b0000000-0000-0000-0000-000000000003', -- 김예은
   'b0000000-0000-0000-0000-000000000001',
   NULL,
   'e0000000-0000-0000-0000-000000000001',
   'f0000000-0000-0000-0000-000000000002',
   NULL,
   'Azure VM PostgreSQL 환경 세팅 완료 확인',
   'completed', 'medium', 'ai', 'approved', 88,
   '2026-05-09 18:00:00', '2026-05-05 11:00:00', '2026-05-09 16:00:00'),

  -- 수동 등록 Todo
  ('h0000000-0000-0000-0000-000000000006',
   'c0000000-0000-0000-0000-000000000001',
   'b0000000-0000-0000-0000-000000000001', -- 김희진
   'b0000000-0000-0000-0000-000000000001',
   NULL, NULL, NULL, NULL,
   '3주차 팀 미팅 자료 준비 및 진행',
   'pending', 'medium', 'manual', 'approved', NULL,
   '2026-05-19 10:00:00', '2026-05-14 09:00:00', '2026-05-14 09:00:00'),

  ('h0000000-0000-0000-0000-000000000007',
   'c0000000-0000-0000-0000-000000000001',
   'b0000000-0000-0000-0000-000000000004', -- 김성호
   'b0000000-0000-0000-0000-000000000001',
   NULL, NULL, NULL, NULL,
   'ERDCloud 수정 — monthly_reports 추가 및 FAISS 컬럼 반영',
   'pending', 'medium', 'manual', 'approved', NULL,
   '2026-05-16 18:00:00', '2026-05-14 10:00:00', '2026-05-14 10:00:00'),

  -- 이슈 후보 (승인 대기)
  ('h0000000-0000-0000-0000-000000000008',
   'c0000000-0000-0000-0000-000000000001',
   NULL,
   'b0000000-0000-0000-0000-000000000001',
   NULL,
   'e0000000-0000-0000-0000-000000000004',
   'f0000000-0000-0000-0000-000000000006',
   NULL,
   'FAISS 인덱스 파일 백업 정책 수립',
   'pending', 'low', 'ai', 'pending', 62,
   NULL, '2026-05-14 12:00:00', '2026-05-14 12:00:00');

-- =====================================================
-- 9. ISSUES
-- =====================================================
INSERT INTO issues (id, project_id, reporter_id, assignee_id, source_document_id, title, severity, status, source_type, confidence_score, is_candidate, created_at, updated_at) VALUES
  -- 확정 이슈 (High)
  ('i0000000-0000-0000-0000-000000000001',
   'c0000000-0000-0000-0000-000000000001',
   'b0000000-0000-0000-0000-000000000002', -- 이성우
   'b0000000-0000-0000-0000-000000000002',
   'e0000000-0000-0000-0000-000000000005',
   'Azure OpenAI API 타임아웃 이슈 — 응답 지연 5초 초과 빈발',
   'high', 'in_progress', 'ai', 95, false,
   '2026-05-14 11:00:00', '2026-05-14 12:00:00'),

  ('i0000000-0000-0000-0000-000000000002',
   'c0000000-0000-0000-0000-000000000001',
   'b0000000-0000-0000-0000-000000000002',
   NULL,
   'e0000000-0000-0000-0000-000000000004',
   'RAG 검색 정확도 Blocked — 관련 없는 청크 혼입 문제',
   'high', 'open', 'ai', 88, false,
   '2026-05-14 09:30:00', '2026-05-14 09:30:00'),

  -- 확정 이슈 (Medium)
  ('i0000000-0000-0000-0000-000000000003',
   'c0000000-0000-0000-0000-000000000001',
   'b0000000-0000-0000-0000-000000000004',
   'b0000000-0000-0000-0000-000000000004',
   'e0000000-0000-0000-0000-000000000003',
   'Dashboard API 집계 쿼리 미구현 — 3주차 연동 지연 가능성',
   'medium', 'open', 'ai', 78, false,
   '2026-05-12 19:00:00', '2026-05-12 19:00:00'),

  -- 이슈 후보 (AI 탐지, 사람 확정 대기)
  ('i0000000-0000-0000-0000-000000000004',
   'c0000000-0000-0000-0000-000000000001',
   NULL,
   NULL,
   'e0000000-0000-0000-0000-000000000004',
   'FAISS 인덱스 파일 백업 정책 미수립 — 데이터 유실 위험',
   'medium', 'open', 'ai', 62, true,
   '2026-05-14 12:00:00', '2026-05-14 12:00:00'),

  -- 해결된 이슈
  ('i0000000-0000-0000-0000-000000000005',
   'c0000000-0000-0000-0000-000000000001',
   'b0000000-0000-0000-0000-000000000003',
   'b0000000-0000-0000-0000-000000000003',
   'e0000000-0000-0000-0000-000000000001',
   'Azure VM PostgreSQL 연결 설정 오류 — asyncpg 드라이버 미설치',
   'medium', 'resolved', 'manual', NULL, false,
   '2026-05-06 10:00:00', '2026-05-08 15:00:00');

-- =====================================================
-- 10. WEEKLY_REPORTS
-- =====================================================
INSERT INTO weekly_reports (id, project_id, created_by, week_start, week_end, content, progress_rate, created_at) VALUES
  ('j0000000-0000-0000-0000-000000000001',
   'c0000000-0000-0000-0000-000000000001',
   'b0000000-0000-0000-0000-000000000001',
   '2026-05-05', '2026-05-09',
   '## 1주차 운영 보고서

**개요**
킥오프 완료. 기술스택 및 역할 확정. 환경 세팅 시작.

**주요 완료 사항**
- 프로젝트 킥오프 및 역할 분담 확정
- Azure VM PostgreSQL 환경 세팅 완료 (김예은)
- 프로젝트 폴더 구조 확정 및 GitHub dev 브랜치 생성

**이슈**
- Azure VM PostgreSQL 연결 오류 발생 → asyncpg 드라이버 누락으로 확인 후 해결

**다음 주 목표**
- 백엔드 API 껍데기 완성
- 프론트 레이아웃 구현
- RAG 파이프라인 설계 시작',
   20, '2026-05-09 18:00:00'),

  ('j0000000-0000-0000-0000-000000000002',
   'c0000000-0000-0000-0000-000000000001',
   'b0000000-0000-0000-0000-000000000001',
   '2026-05-12', '2026-05-16',
   '## 2주차 운영 보고서

**개요**
API 껍데기 완성. 프론트 레이아웃 완성. RAG 파이프라인 진행 중.

**주요 완료 사항**
- 백엔드 API 엔드포인트 껍데기 전체 완성 (김성호)
- 프론트 사이드바 + 라우팅 구조 완성 (박주원)
- 파일 업로드 UI → API 연동 완성 (박주원)
- FAISS 인덱스 저장/로드 기본 구현 (이성우)

**이슈**
- Azure OpenAI API 타임아웃 빈발 (High) — 이성우 분석 중
- RAG 검색 정확도 낮음 (High) — 청크 사이즈 재검토 필요
- Dashboard 집계 API 미구현 (Medium) — 3주차로 이월

**다음 주 목표**
- Azure 타임아웃 원인 해결
- RAG 정확도 개선
- Todo API 비즈니스 로직 구현',
   45, '2026-05-16 18:00:00');

-- =====================================================
-- 11. MONTHLY_REPORTS
-- =====================================================
INSERT INTO monthly_reports (id, project_id, created_by, month_start, month_end, content, progress_rate, created_at) VALUES
  ('k0000000-0000-0000-0000-000000000001',
   'c0000000-0000-0000-0000-000000000001',
   'b0000000-0000-0000-0000-000000000001',
   '2026-05-01', '2026-05-31',
   '## 5월 월간 보고서 (중간)

**진행률**: 45% (2주차 기준)

**완료된 마일스톤**
- 환경 세팅 완료
- API 전체 구조 완성
- 프론트 레이아웃 완성

**진행 중인 이슈**
- Azure OpenAI 타임아웃 해결 필요
- RAG 정확도 개선 필요

**6월 목표**
- Todo/이슈 기능 완성
- Dashboard 완성
- AI Assistant 구현',
   45, '2026-05-14 18:00:00');

-- =====================================================
-- 12. HANDOFF_REPORTS
-- =====================================================
INSERT INTO handoff_reports (id, project_id, created_by, title, content, handoff_score, missing_items_json, created_at) VALUES
  ('l0000000-0000-0000-0000-000000000001',
   'c0000000-0000-0000-0000-000000000001',
   'b0000000-0000-0000-0000-000000000001',
   'OpsRadar MVP 현황 인수인계 문서 (2주차)',
   '## 현재 진행 상태

**완료된 작업**
- GitHub dev 브랜치 구조 확정
- PostgreSQL + FAISS 환경 세팅
- 전체 API 엔드포인트 껍데기 완성
- 프론트 사이드바 + 업로드 UI 완성

**진행 중인 작업**
- Azure OpenAI 타임아웃 이슈 해결 (이성우)
- RAG 검색 정확도 개선 (이성우)
- Todo API 비즈니스 로직 (김성호)

**Blocked 상태**
- Dashboard 집계 API — Todo/이슈 데이터 쌓인 후 구현 가능

**주요 참고 문서**
- 노션: DB 명세서, API 명세서, Use Case 정의서
- GitHub: yeni0224/teamAZAG dev 브랜치',
   72,
   '["로그인/인증 미구현", "Dashboard 집계 API 미완성", "AI Assistant RAG 미완성"]',
   '2026-05-14 17:00:00');

-- =====================================================
-- 13. CHAT_MESSAGES
-- =====================================================
INSERT INTO chat_messages (id, project_id, user_id, role, content, sources_json, created_at) VALUES
  ('m0000000-0000-0000-0000-000000000001',
   'c0000000-0000-0000-0000-000000000001',
   'b0000000-0000-0000-0000-000000000001',
   'user',
   '현재 가장 위험한 이슈는?',
   NULL,
   '2026-05-14 13:00:00'),

  ('m0000000-0000-0000-0000-000000000002',
   'c0000000-0000-0000-0000-000000000001',
   'b0000000-0000-0000-0000-000000000001',
   'assistant',
   '현재 High Risk 이슈는 2건입니다. 1) Azure OpenAI API 타임아웃 이슈 — 응답 지연 5초 초과가 빈발하고 있으며 이성우님이 분석 중입니다. 2) RAG 검색 정확도 Blocked — 관련 없는 청크가 검색 결과에 혼입되는 문제로 아직 담당자 미지정 상태입니다.',
   '["issue_log_20260514_azure_timeout.txt", "chat_logs_20260514_ai_pipeline.txt"]',
   '2026-05-14 13:00:05'),

  ('m0000000-0000-0000-0000-000000000003',
   'c0000000-0000-0000-0000-000000000001',
   'b0000000-0000-0000-0000-000000000001',
   'user',
   '이번주 미완료 Todo 알려줘',
   NULL,
   '2026-05-14 13:01:00'),

  ('m0000000-0000-0000-0000-000000000004',
   'c0000000-0000-0000-0000-000000000001',
   'b0000000-0000-0000-0000-000000000001',
   'assistant',
   '이번 주 미완료 Todo는 총 4건입니다. 1) [High] Azure OpenAI API 타임아웃 원인 분석 및 재시도 로직 구현 — 이성우 (진행 중). 2) [High] RAG 검색 정확도 개선 — 이성우 (대기). 3) [High] todos API 비즈니스 로직 구현 — 김성호 (진행 중). 4) [Medium] 3주차 팀 미팅 자료 준비 — 김희진 (대기).',
   '["meeting_notes_20260512_week2.pdf", "chat_logs_20260514_ai_pipeline.txt"]',
   '2026-05-14 13:01:05'),

  ('m0000000-0000-0000-0000-000000000005',
   'c0000000-0000-0000-0000-000000000001',
   'b0000000-0000-0000-0000-000000000004',
   'user',
   'Blocked 상태 작업 알려줘',
   NULL,
   '2026-05-14 15:00:00'),

  ('m0000000-0000-0000-0000-000000000006',
   'c0000000-0000-0000-0000-000000000001',
   'b0000000-0000-0000-0000-000000000004',
   'assistant',
   'Blocked 상태 작업은 2건입니다. 1) RAG 검색 정확도 개선 — 임베딩 모델 재검토 필요로 진행 불가 상태. 2) Dashboard 집계 API — Todo/이슈 데이터가 충분히 쌓인 후 구현 가능하여 현재 대기 중.',
   '["chat_logs_20260514_ai_pipeline.txt", "meeting_notes_20260512_week2.pdf"]',
   '2026-05-14 15:00:05');

-- =====================================================
-- 14. AI_SUMMARIES
-- =====================================================
INSERT INTO ai_summaries (id, project_id, document_id, summary_type, summary, extracted_json, created_at) VALUES
  ('n0000000-0000-0000-0000-000000000001',
   'c0000000-0000-0000-0000-000000000001',
   'e0000000-0000-0000-0000-000000000003',
   'weekly',
   '2주차 운영 요약: API 껍데기 전체 완성. 프론트 레이아웃 완성. Azure OpenAI 타임아웃 이슈 High 발생 — 이성우 분석 중. RAG 검색 정확도 Blocked 상태. Dashboard API 3주차 이월.',
   '{"todos": ["Azure 타임아웃 재시도 로직", "RAG 정확도 개선", "todos API 로직 구현"], "issues": ["Azure timeout High", "RAG 정확도 Blocked"], "keywords": ["FAISS", "RAG", "Azure OpenAI", "Dashboard"]}',
   '2026-05-12 19:00:00'),

  ('n0000000-0000-0000-0000-000000000002',
   'c0000000-0000-0000-0000-000000000001',
   'e0000000-0000-0000-0000-000000000005',
   'weekly',
   'Azure OpenAI API 타임아웃 이슈 분석: 오전 기준 30% 발생률. 5초 초과 지연. 원인 추정: 토큰 한도 또는 리전 부하. 재시도 로직 추가 및 배치 사이즈 조정 권고.',
   '{"todos": ["재시도 로직 구현", "배치 사이즈 조정"], "issues": ["Azure timeout"], "risk_level": "high"}',
   '2026-05-14 12:00:00');

