-- OpsRadar2 current DB compatible dummy seed

-- Apply after the current application schema/migrations are ready.

BEGIN;

INSERT INTO teams (id, name, description, created_at, updated_at) VALUES
  ('DUMMY-TEAM-OPS', '[DUMMY] AutoParts One 운영팀', '[DUMMY] 로컬 데모용 운영 인수인계 seed 팀', '2026-06-01T09:00:00', '2026-06-01T09:00:00')
ON CONFLICT (id) DO NOTHING;

INSERT INTO users (id, team_id, name, email, role, created_at, updated_at) VALUES
  ('DUMMY-USER-001', 'DUMMY-TEAM-OPS', '김도윤', 'doyun.kim@autopartsone.kr', 'admin', '2026-06-01T09:00:00', '2026-06-01T09:00:00'),
  ('DUMMY-USER-002', 'DUMMY-TEAM-OPS', '박서연', 'seoyeon.park@autopartsone.kr', 'member', '2026-06-01T09:00:00', '2026-06-01T09:00:00'),
  ('DUMMY-USER-003', 'DUMMY-TEAM-OPS', '이민재', 'minjae.lee@autopartsone.kr', 'member', '2026-06-01T09:00:00', '2026-06-01T09:00:00'),
  ('DUMMY-USER-004', 'DUMMY-TEAM-OPS', '정하늘', 'haneul.jung@autopartsone.kr', 'member', '2026-06-01T09:00:00', '2026-06-01T09:00:00'),
  ('DUMMY-USER-005', 'DUMMY-TEAM-OPS', '최유진', 'yujin.choi@autopartsone.kr', 'member', '2026-06-01T09:00:00', '2026-06-01T09:00:00'),
  ('DUMMY-USER-006', 'DUMMY-TEAM-OPS', '강민호', 'minho.kang@autopartsone.kr', 'member', '2026-06-01T09:00:00', '2026-06-01T09:00:00'),
  ('DUMMY-USER-007', 'DUMMY-TEAM-OPS', '오세진', 'sejin.oh@autopartsone.kr', 'member', '2026-06-01T09:00:00', '2026-06-01T09:00:00'),
  ('DUMMY-USER-008', 'DUMMY-TEAM-OPS', '한지우', 'jiwoo.han@autopartsone.kr', 'member', '2026-06-01T09:00:00', '2026-06-01T09:00:00')
ON CONFLICT (id) DO NOTHING;

INSERT INTO projects (id, team_id, name, description, status, created_at, updated_at) VALUES
  ('DUMMY-PROJ-OPS-2026', 'DUMMY-TEAM-OPS', '[DUMMY] OpsRadar2 운영 인수인계 데모', '[DUMMY] 문서 업로드, 분석, Todo, 이슈, 리포트, 인수인계 흐름 검증용 seed', 'active', '2026-06-01T09:00:00', '2026-06-01T09:00:00')
ON CONFLICT (id) DO NOTHING;

INSERT INTO project_members (id, project_id, user_id, role, status, created_at, updated_at) VALUES
  ('DUMMY-PM-001', 'DUMMY-PROJ-OPS-2026', 'DUMMY-USER-001', 'admin', 'active', '2026-06-01T09:00:00', '2026-06-01T09:00:00'),
  ('DUMMY-PM-002', 'DUMMY-PROJ-OPS-2026', 'DUMMY-USER-002', 'member', 'active', '2026-06-01T09:00:00', '2026-06-01T09:00:00'),
  ('DUMMY-PM-003', 'DUMMY-PROJ-OPS-2026', 'DUMMY-USER-003', 'member', 'active', '2026-06-01T09:00:00', '2026-06-01T09:00:00'),
  ('DUMMY-PM-004', 'DUMMY-PROJ-OPS-2026', 'DUMMY-USER-004', 'member', 'active', '2026-06-01T09:00:00', '2026-06-01T09:00:00'),
  ('DUMMY-PM-005', 'DUMMY-PROJ-OPS-2026', 'DUMMY-USER-005', 'member', 'active', '2026-06-01T09:00:00', '2026-06-01T09:00:00'),
  ('DUMMY-PM-006', 'DUMMY-PROJ-OPS-2026', 'DUMMY-USER-006', 'member', 'active', '2026-06-01T09:00:00', '2026-06-01T09:00:00'),
  ('DUMMY-PM-007', 'DUMMY-PROJ-OPS-2026', 'DUMMY-USER-007', 'member', 'active', '2026-06-01T09:00:00', '2026-06-01T09:00:00'),
  ('DUMMY-PM-008', 'DUMMY-PROJ-OPS-2026', 'DUMMY-USER-008', 'member', 'active', '2026-06-01T09:00:00', '2026-06-01T09:00:00')
ON CONFLICT (id) DO NOTHING;

INSERT INTO documents (id, project_id, uploaded_by_member_id, file_name, file_type, storage_uri, summary, source_doc_id, created_at, updated_at) VALUES
  ('DUMMY-DOC-001', 'DUMMY-PROJ-OPS-2026', 'DUMMY-PM-001', 'DOC-0001_meeting_notes_2025-06-25.md', 'meeting', 'dummy_data/02_raw_documents/meeting_notes/DOC-0001_meeting_notes_2025-06-25.md', '[DUMMY] Daesung Automotive / AP-CN-204 커넥터 / Daesung Automotive 긴급 발주 대응 관련 Todo, 리스크, 다음 액션 포함', 'DOC-0001', '2025-06-25T09:00:00', '2025-06-25T09:00:00'),
  ('DUMMY-DOC-002', 'DUMMY-PROJ-OPS-2026', 'DUMMY-PM-002', 'DOC-0003_sales_emails_2025-06-15.md', 'email', 'dummy_data/02_raw_documents/sales_emails/DOC-0003_sales_emails_2025-06-15.md', '[DUMMY] Daesung Automotive / AP-CN-204 커넥터 / Daesung Automotive 긴급 발주 대응 관련 Todo, 리스크, 다음 액션 포함', 'DOC-0003', '2025-06-15T09:00:00', '2025-06-15T09:00:00'),
  ('DUMMY-DOC-003', 'DUMMY-PROJ-OPS-2026', 'DUMMY-PM-006', 'DOC-0004_purchase_emails_2025-06-25.md', 'other', 'dummy_data/02_raw_documents/purchase_emails/DOC-0004_purchase_emails_2025-06-25.md', '[DUMMY] Daesung Automotive / AP-CN-204 커넥터 / Daesung Automotive 긴급 발주 대응 관련 Todo, 리스크, 다음 액션 포함', 'DOC-0004', '2025-06-25T09:00:00', '2025-06-25T09:00:00'),
  ('DUMMY-DOC-004', 'DUMMY-PROJ-OPS-2026', 'DUMMY-PM-006', 'DOC-0005_purchase_emails_2025-06-15.md', 'other', 'dummy_data/02_raw_documents/purchase_emails/DOC-0005_purchase_emails_2025-06-15.md', '[DUMMY] Daesung Automotive / AP-CN-204 커넥터 / Daesung Automotive 긴급 발주 대응 관련 Todo, 리스크, 다음 액션 포함', 'DOC-0005', '2025-06-15T09:00:00', '2025-06-15T09:00:00'),
  ('DUMMY-DOC-005', 'DUMMY-PROJ-OPS-2026', 'DUMMY-PM-004', 'DOC-0025_chat_logs_2025-08-27.md', 'other', 'dummy_data/02_raw_documents/chat_logs/DOC-0025_chat_logs_2025-08-27.md', '[DUMMY] Hyundai Mobis Tier2 / AP-WH-220 와이어하네스 / KET Supplier 재고 부족으로 납기 지연 가능 관련 Todo, 리스크, 다음 액션 포함', 'DOC-0025', '2025-08-27T09:00:00', '2025-08-27T09:00:00'),
  ('DUMMY-DOC-006', 'DUMMY-PROJ-OPS-2026', 'DUMMY-PM-002', 'DOC-0026_sales_emails_2025-08-20.md', 'email', 'dummy_data/02_raw_documents/sales_emails/DOC-0026_sales_emails_2025-08-20.md', '[DUMMY] Hyundai Mobis Tier2 / AP-WH-220 와이어하네스 / KET Supplier 재고 부족으로 납기 지연 가능 관련 Todo, 리스크, 다음 액션 포함', 'DOC-0026', '2025-08-20T09:00:00', '2025-08-20T09:00:00'),
  ('DUMMY-DOC-007', 'DUMMY-PROJ-OPS-2026', 'DUMMY-PM-001', 'DOC-0027_logistics_logs_2025-08-17.md', 'other', 'dummy_data/02_raw_documents/logistics_logs/DOC-0027_logistics_logs_2025-08-17.md', '[DUMMY] Hyundai Mobis Tier2 / AP-WH-220 와이어하네스 / KET Supplier 재고 부족으로 납기 지연 가능 관련 Todo, 리스크, 다음 액션 포함', 'DOC-0027', '2025-08-17T09:00:00', '2025-08-17T09:00:00'),
  ('DUMMY-DOC-008', 'DUMMY-PROJ-OPS-2026', 'DUMMY-PM-003', 'DOC-0028_chat_logs_2025-08-17.md', 'other', 'dummy_data/02_raw_documents/chat_logs/DOC-0028_chat_logs_2025-08-17.md', '[DUMMY] Hyundai Mobis Tier2 / AP-WH-220 와이어하네스 / KET Supplier 재고 부족으로 납기 지연 가능 관련 Todo, 리스크, 다음 액션 포함', 'DOC-0028', '2025-08-17T09:00:00', '2025-08-17T09:00:00'),
  ('DUMMY-DOC-009', 'DUMMY-PROJ-OPS-2026', 'DUMMY-PM-001', 'DOC-0037_logistics_logs_2025-09-25.md', 'other', 'dummy_data/02_raw_documents/logistics_logs/DOC-0037_logistics_logs_2025-09-25.md', '[DUMMY] Global Harness Vietnam / AP-CB-510 케이블 어셈블리 / Global Harness Vietnam 수출 서류 누락 통관 지연 관련 Todo, 리스크, 다음 액션 포함', 'DOC-0037', '2025-09-25T09:00:00', '2025-09-25T09:00:00'),
  ('DUMMY-DOC-010', 'DUMMY-PROJ-OPS-2026', 'DUMMY-PM-006', 'DOC-0038_purchase_emails_2025-09-14.md', 'other', 'dummy_data/02_raw_documents/purchase_emails/DOC-0038_purchase_emails_2025-09-14.md', '[DUMMY] Global Harness Vietnam / AP-CB-510 케이블 어셈블리 / Global Harness Vietnam 수출 서류 누락 통관 지연 관련 Todo, 리스크, 다음 액션 포함', 'DOC-0038', '2025-09-14T09:00:00', '2025-09-14T09:00:00'),
  ('DUMMY-DOC-011', 'DUMMY-PROJ-OPS-2026', 'DUMMY-PM-005', 'DOC-0041_purchase_emails_2025-09-20.md', 'other', 'dummy_data/02_raw_documents/purchase_emails/DOC-0041_purchase_emails_2025-09-20.md', '[DUMMY] Global Harness Vietnam / AP-CB-510 케이블 어셈블리 / Global Harness Vietnam 수출 서류 누락 통관 지연 관련 Todo, 리스크, 다음 액션 포함', 'DOC-0041', '2025-09-20T09:00:00', '2025-09-20T09:00:00'),
  ('DUMMY-DOC-012', 'DUMMY-PROJ-OPS-2026', 'DUMMY-PM-001', 'DOC-0043_logistics_logs_2025-09-20.md', 'other', 'dummy_data/02_raw_documents/logistics_logs/DOC-0043_logistics_logs_2025-09-20.md', '[DUMMY] Global Harness Vietnam / AP-CB-510 케이블 어셈블리 / Global Harness Vietnam 수출 서류 누락 통관 지연 관련 Todo, 리스크, 다음 액션 포함', 'DOC-0043', '2025-09-20T09:00:00', '2025-09-20T09:00:00'),
  ('DUMMY-DOC-013', 'DUMMY-PROJ-OPS-2026', 'DUMMY-PM-001', 'DOC-0055_logistics_logs_2025-10-31.md', 'other', 'dummy_data/02_raw_documents/logistics_logs/DOC-0055_logistics_logs_2025-10-31.md', '[DUMMY] Mirae EV Systems / AP-SC-330 센서 케이블 / Mirae EV Systems 센서 케이블 반복 클레임 관련 Todo, 리스크, 다음 액션 포함', 'DOC-0055', '2025-10-31T09:00:00', '2025-10-31T09:00:00'),
  ('DUMMY-DOC-014', 'DUMMY-PROJ-OPS-2026', 'DUMMY-PM-004', 'DOC-0061_sales_emails_2025-11-25.md', 'email', 'dummy_data/02_raw_documents/sales_emails/DOC-0061_sales_emails_2025-11-25.md', '[DUMMY] Mirae EV Systems / AP-SC-330 센서 케이블 / Mirae EV Systems 센서 케이블 반복 클레임 관련 Todo, 리스크, 다음 액션 포함', 'DOC-0061', '2025-11-25T09:00:00', '2025-11-25T09:00:00'),
  ('DUMMY-DOC-015', 'DUMMY-PROJ-OPS-2026', 'DUMMY-PM-003', 'DOC-0062_chat_logs_2025-11-13.md', 'other', 'dummy_data/02_raw_documents/chat_logs/DOC-0062_chat_logs_2025-11-13.md', '[DUMMY] Mirae EV Systems / AP-SC-330 센서 케이블 / Mirae EV Systems 센서 케이블 반복 클레임 관련 Todo, 리스크, 다음 액션 포함', 'DOC-0062', '2025-11-13T09:00:00', '2025-11-13T09:00:00'),
  ('DUMMY-DOC-016', 'DUMMY-PROJ-OPS-2026', 'DUMMY-PM-002', 'DOC-0063_chat_logs_2025-11-08.md', 'other', 'dummy_data/02_raw_documents/chat_logs/DOC-0063_chat_logs_2025-11-08.md', '[DUMMY] Mirae EV Systems / AP-SC-330 센서 케이블 / Mirae EV Systems 센서 케이블 반복 클레임 관련 Todo, 리스크, 다음 액션 포함', 'DOC-0063', '2025-11-08T09:00:00', '2025-11-08T09:00:00'),
  ('DUMMY-DOC-017', 'DUMMY-PROJ-OPS-2026', 'DUMMY-PM-003', 'DOC-0073_sales_emails_2025-12-11.md', 'email', 'dummy_data/02_raw_documents/sales_emails/DOC-0073_sales_emails_2025-12-11.md', '[DUMMY] Hanil Motors / AP-RL-450 릴레이 / Yazaki Parts Asia 리드타임 8주에서 12주 증가 관련 Todo, 리스크, 다음 액션 포함', 'DOC-0073', '2025-12-11T09:00:00', '2025-12-11T09:00:00'),
  ('DUMMY-DOC-018', 'DUMMY-PROJ-OPS-2026', 'DUMMY-PM-002', 'DOC-0077_sales_emails_2025-12-13.md', 'email', 'dummy_data/02_raw_documents/sales_emails/DOC-0077_sales_emails_2025-12-13.md', '[DUMMY] Hanil Motors / AP-RL-450 릴레이 / Yazaki Parts Asia 리드타임 8주에서 12주 증가 관련 Todo, 리스크, 다음 액션 포함', 'DOC-0077', '2025-12-13T09:00:00', '2025-12-13T09:00:00'),
  ('DUMMY-DOC-019', 'DUMMY-PROJ-OPS-2026', 'DUMMY-PM-001', 'DOC-0079_logistics_logs_2025-12-24.md', 'other', 'dummy_data/02_raw_documents/logistics_logs/DOC-0079_logistics_logs_2025-12-24.md', '[DUMMY] Hanil Motors / AP-RL-450 릴레이 / Yazaki Parts Asia 리드타임 8주에서 12주 증가 관련 Todo, 리스크, 다음 액션 포함', 'DOC-0079', '2025-12-24T09:00:00', '2025-12-24T09:00:00'),
  ('DUMMY-DOC-020', 'DUMMY-PROJ-OPS-2026', 'DUMMY-PM-004', 'DOC-0080_chat_logs_2025-12-13.md', 'other', 'dummy_data/02_raw_documents/chat_logs/DOC-0080_chat_logs_2025-12-13.md', '[DUMMY] Hanil Motors / AP-RL-450 릴레이 / Yazaki Parts Asia 리드타임 8주에서 12주 증가 관련 Todo, 리스크, 다음 액션 포함', 'DOC-0080', '2025-12-13T09:00:00', '2025-12-13T09:00:00'),
  ('DUMMY-DOC-021', 'DUMMY-PROJ-OPS-2026', 'DUMMY-PM-003', 'DOC-0098_sales_emails_2026-02-20.md', 'email', 'dummy_data/02_raw_documents/sales_emails/DOC-0098_sales_emails_2026-02-20.md', '[DUMMY] Hyundai Mobis Tier2 / AP-TM-118 터미널 / Hyundai Mobis Tier2 긴급 항공 이송 관련 Todo, 리스크, 다음 액션 포함', 'DOC-0098', '2026-02-20T09:00:00', '2026-02-20T09:00:00'),
  ('DUMMY-DOC-022', 'DUMMY-PROJ-OPS-2026', 'DUMMY-PM-001', 'DOC-0100_meeting_notes_2026-02-17.md', 'meeting', 'dummy_data/02_raw_documents/meeting_notes/DOC-0100_meeting_notes_2026-02-17.md', '[DUMMY] Hyundai Mobis Tier2 / AP-TM-118 터미널 / Hyundai Mobis Tier2 긴급 항공 이송 관련 Todo, 리스크, 다음 액션 포함', 'DOC-0100', '2026-02-17T09:00:00', '2026-02-17T09:00:00'),
  ('DUMMY-DOC-023', 'DUMMY-PROJ-OPS-2026', 'DUMMY-PM-001', 'DOC-0101_meeting_notes_2026-02-24.md', 'meeting', 'dummy_data/02_raw_documents/meeting_notes/DOC-0101_meeting_notes_2026-02-24.md', '[DUMMY] Hyundai Mobis Tier2 / AP-TM-118 터미널 / Hyundai Mobis Tier2 긴급 항공 이송 관련 Todo, 리스크, 다음 액션 포함', 'DOC-0101', '2026-02-24T09:00:00', '2026-02-24T09:00:00'),
  ('DUMMY-DOC-024', 'DUMMY-PROJ-OPS-2026', 'DUMMY-PM-004', 'DOC-0102_chat_logs_2026-02-14.md', 'other', 'dummy_data/02_raw_documents/chat_logs/DOC-0102_chat_logs_2026-02-14.md', '[DUMMY] Hyundai Mobis Tier2 / AP-TM-118 터미널 / Hyundai Mobis Tier2 긴급 항공 이송 관련 Todo, 리스크, 다음 액션 포함', 'DOC-0102', '2026-02-14T09:00:00', '2026-02-14T09:00:00'),
  ('DUMMY-DOC-025', 'DUMMY-PROJ-OPS-2026', 'DUMMY-PM-003', 'DOC-0116_chat_logs_2026-03-31.md', 'other', 'dummy_data/02_raw_documents/chat_logs/DOC-0116_chat_logs_2026-03-31.md', '[DUMMY] Daesung Automotive / AP-CN-204 커넥터 / TE Connectivity Korea 단가 7% 인상 통보 관련 Todo, 리스크, 다음 액션 포함', 'DOC-0116', '2026-03-31T09:00:00', '2026-03-31T09:00:00'),
  ('DUMMY-DOC-026', 'DUMMY-PROJ-OPS-2026', 'DUMMY-PM-001', 'DOC-0121_logistics_logs_2026-04-13.md', 'other', 'dummy_data/02_raw_documents/logistics_logs/DOC-0121_logistics_logs_2026-04-13.md', '[DUMMY] Daesung Automotive / AP-CN-204 커넥터 / TE Connectivity Korea 단가 7% 인상 통보 관련 Todo, 리스크, 다음 액션 포함', 'DOC-0121', '2026-04-13T09:00:00', '2026-04-13T09:00:00'),
  ('DUMMY-DOC-027', 'DUMMY-PROJ-OPS-2026', 'DUMMY-PM-004', 'DOC-0123_sales_emails_2026-04-08.md', 'email', 'dummy_data/02_raw_documents/sales_emails/DOC-0123_sales_emails_2026-04-08.md', '[DUMMY] Daesung Automotive / AP-CN-204 커넥터 / TE Connectivity Korea 단가 7% 인상 통보 관련 Todo, 리스크, 다음 액션 포함', 'DOC-0123', '2026-04-08T09:00:00', '2026-04-08T09:00:00'),
  ('DUMMY-DOC-028', 'DUMMY-PROJ-OPS-2026', 'DUMMY-PM-001', 'DOC-0125_meeting_notes_2026-04-23.md', 'meeting', 'dummy_data/02_raw_documents/meeting_notes/DOC-0125_meeting_notes_2026-04-23.md', '[DUMMY] Daesung Automotive / AP-CN-204 커넥터 / TE Connectivity Korea 단가 7% 인상 통보 관련 Todo, 리스크, 다음 액션 포함', 'DOC-0125', '2026-04-23T09:00:00', '2026-04-23T09:00:00'),
  ('DUMMY-DOC-029', 'DUMMY-PROJ-OPS-2026', 'DUMMY-PM-001', 'DOC-0133_meeting_notes_2026-05-23.md', 'meeting', 'dummy_data/02_raw_documents/meeting_notes/DOC-0133_meeting_notes_2026-05-23.md', '[DUMMY] Hyundai Mobis Tier2 / AP-CN-204 커넥터 / 박서연 담당 고객 인수인계 준비 관련 Todo, 리스크, 다음 액션 포함', 'DOC-0133', '2026-05-23T09:00:00', '2026-05-23T09:00:00'),
  ('DUMMY-DOC-030', 'DUMMY-PROJ-OPS-2026', 'DUMMY-PM-004', 'DOC-0134_chat_logs_2026-05-15.md', 'other', 'dummy_data/02_raw_documents/chat_logs/DOC-0134_chat_logs_2026-05-15.md', '[DUMMY] Hyundai Mobis Tier2 / AP-CN-204 커넥터 / 박서연 담당 고객 인수인계 준비 관련 Todo, 리스크, 다음 액션 포함', 'DOC-0134', '2026-05-15T09:00:00', '2026-05-15T09:00:00'),
  ('DUMMY-DOC-031', 'DUMMY-PROJ-OPS-2026', 'DUMMY-PM-008', 'DOC-0137_quality_claims_2026-05-30.md', 'other', 'dummy_data/02_raw_documents/quality_claims/DOC-0137_quality_claims_2026-05-30.md', '[DUMMY] Hyundai Mobis Tier2 / AP-CN-204 커넥터 / 박서연 담당 고객 인수인계 준비 관련 Todo, 리스크, 다음 액션 포함', 'DOC-0137', '2026-05-30T09:00:00', '2026-05-30T09:00:00'),
  ('DUMMY-DOC-032', 'DUMMY-PROJ-OPS-2026', 'DUMMY-PM-001', 'DOC-0141_meeting_notes_2026-05-15.md', 'meeting', 'dummy_data/02_raw_documents/meeting_notes/DOC-0141_meeting_notes_2026-05-15.md', '[DUMMY] Hyundai Mobis Tier2 / AP-CN-204 커넥터 / 박서연 담당 고객 인수인계 준비 관련 Todo, 리스크, 다음 액션 포함', 'DOC-0141', '2026-05-15T09:00:00', '2026-05-15T09:00:00'),
  ('DUMMY-DOC-033', 'DUMMY-PROJ-OPS-2026', 'DUMMY-PM-004', 'DOC-0013_sales_emails_2025-07-11.md', 'email', 'dummy_data/02_raw_documents/sales_emails/DOC-0013_sales_emails_2025-07-11.md', '[DUMMY] Hanil Motors / AP-RL-450 릴레이 / Hanil Motors 정기 발주 수량 변경 관련 Todo, 리스크, 다음 액션 포함', 'DOC-0013', '2025-07-11T09:00:00', '2025-07-11T09:00:00'),
  ('DUMMY-DOC-034', 'DUMMY-PROJ-OPS-2026', 'DUMMY-PM-001', 'DOC-0017_meeting_notes_2025-07-19.md', 'meeting', 'dummy_data/02_raw_documents/meeting_notes/DOC-0017_meeting_notes_2025-07-19.md', '[DUMMY] Hanil Motors / AP-RL-450 릴레이 / Hanil Motors 정기 발주 수량 변경 관련 Todo, 리스크, 다음 액션 포함', 'DOC-0017', '2025-07-19T09:00:00', '2025-07-19T09:00:00'),
  ('DUMMY-DOC-035', 'DUMMY-PROJ-OPS-2026', 'DUMMY-PM-001', 'DOC-0021_quality_claims_2025-07-23.md', 'issue_log', 'dummy_data/02_raw_documents/quality_claims/DOC-0021_quality_claims_2025-07-23.md', '[DUMMY] Hanil Motors / AP-RL-450 릴레이 / Hanil Motors 정기 발주 수량 변경 관련 Todo, 리스크, 다음 액션 포함', 'DOC-0021', '2025-07-23T09:00:00', '2025-07-23T09:00:00'),
  ('DUMMY-DOC-036', 'DUMMY-PROJ-OPS-2026', 'DUMMY-PM-007', 'DOC-0022_purchase_emails_2025-07-11.md', 'other', 'dummy_data/02_raw_documents/purchase_emails/DOC-0022_purchase_emails_2025-07-11.md', '[DUMMY] Hanil Motors / AP-RL-450 릴레이 / Hanil Motors 정기 발주 수량 변경 관련 Todo, 리스크, 다음 액션 포함', 'DOC-0022', '2025-07-11T09:00:00', '2025-07-11T09:00:00')
ON CONFLICT (id) DO NOTHING;

INSERT INTO issues (id, project_id, title, issue_type, severity, status, description, detected_at, due_at, source, created_at, updated_at) VALUES
  ('DUMMY-ISSUE-001', 'DUMMY-PROJ-OPS-2026', '[DUMMY] Daesung Automotive 긴급 발주 대응', 'UrgentOrder', 'high', 'completed', '[DUMMY] Daesung Automotive가 AP-CN-204 5,000개 긴급 납품을 요청하여 재고 확인, 구매처 협의, 출고 우선순위 조정이 발생함', '2025-06-10T09:00:00', '2025-06-24T09:00:00', 'dummy_current_seed', '2025-06-10T09:00:00', '2026-06-01T09:00:00'),
  ('DUMMY-ISSUE-002', 'DUMMY-PROJ-OPS-2026', '[DUMMY] KET Supplier 재고 부족으로 납기 지연 가능', 'SupplierStock', 'high', 'completed', '[DUMMY] KET Supplier의 AP-WH-220 재고 부족으로 Hyundai Mobis Tier2 납기 지연 위험이 발생함', '2025-08-05T09:00:00', '2025-08-29T09:00:00', 'dummy_current_seed', '2025-08-05T09:00:00', '2026-06-01T09:00:00'),
  ('DUMMY-ISSUE-003', 'DUMMY-PROJ-OPS-2026', '[DUMMY] Global Harness Vietnam 수출 서류 누락 통관 지연', 'ExportDelay', 'medium', 'completed', '[DUMMY] Global Harness Vietnam 출하 건에서 원산지 증명 서류 누락으로 통관 지연이 발생함', '2025-09-08T09:00:00', '2025-09-22T09:00:00', 'dummy_current_seed', '2025-09-08T09:00:00', '2026-06-01T09:00:00'),
  ('DUMMY-ISSUE-004', 'DUMMY-PROJ-OPS-2026', '[DUMMY] Mirae EV Systems 센서 케이블 반복 클레임', 'QualityClaim', 'high', 'in_progress', '[DUMMY] Mirae EV Systems에서 AP-SC-330 센서 케이블 접촉 불량 클레임이 반복 접수됨', '2025-11-04T09:00:00', '2025-12-03T09:00:00', 'dummy_current_seed', '2025-11-04T09:00:00', '2026-06-01T09:00:00'),
  ('DUMMY-ISSUE-005', 'DUMMY-PROJ-OPS-2026', '[DUMMY] Yazaki Parts Asia 리드타임 8주에서 12주 증가', 'LeadTimeChange', 'medium', 'completed', '[DUMMY] Yazaki Parts Asia가 AP-RL-450 리드타임을 8주에서 12주로 변경 공지함', '2025-12-02T09:00:00', '2026-01-10T09:00:00', 'dummy_current_seed', '2025-12-02T09:00:00', '2026-06-01T09:00:00'),
  ('DUMMY-ISSUE-006', 'DUMMY-PROJ-OPS-2026', '[DUMMY] Hyundai Mobis Tier2 긴급 항공 이송', 'ExpediteShipping', 'high', 'completed', '[DUMMY] Hyundai Mobis Tier2 납기 대응을 위해 AP-TM-118 일부 수량을 항공 긴급 이송함', '2026-02-06T09:00:00', '2026-02-19T09:00:00', 'dummy_current_seed', '2026-02-06T09:00:00', '2026-06-01T09:00:00'),
  ('DUMMY-ISSUE-007', 'DUMMY-PROJ-OPS-2026', '[DUMMY] TE Connectivity Korea 단가 7% 인상 통보', 'PriceIncrease', 'medium', 'open', '[DUMMY] TE Connectivity Korea가 주요 커넥터 단가 7% 인상을 통보하여 고객 단가 협상이 필요함', '2026-04-03T09:00:00', '2026-05-02T09:00:00', 'dummy_current_seed', '2026-04-03T09:00:00', '2026-06-01T09:00:00'),
  ('DUMMY-ISSUE-008', 'DUMMY-PROJ-OPS-2026', '[DUMMY] 박서연 담당 고객 인수인계 준비', 'Handover', 'high', 'open', '[DUMMY] 박서연 담당 Hyundai Mobis Tier2와 Daesung Automotive 업무 일부를 이민재에게 인수인계해야 함', '2026-05-12T09:00:00', '2026-06-01T09:00:00', 'dummy_current_seed', '2026-05-12T09:00:00', '2026-06-01T09:00:00'),
  ('DUMMY-ISSUE-009', 'DUMMY-PROJ-OPS-2026', '[DUMMY] Hanil Motors 정기 발주 수량 변경', 'OrderChange', 'low', 'completed', '[DUMMY] Hanil Motors가 7월 정기 발주 수량을 일부 조정함', '2025-07-12T09:00:00', '2025-07-18T09:00:00', 'dummy_current_seed', '2025-07-12T09:00:00', '2026-06-01T09:00:00')
ON CONFLICT (id) DO NOTHING;

INSERT INTO todos (id, project_id, title, description, status, priority, owner_member_id, due_at, source_type, source_id, created_at, updated_at) VALUES
  ('DUMMY-TODO-001-1', 'DUMMY-PROJ-OPS-2026', '[DUMMY] Daesung Automotive 긴급 발주 대응 액션 1', '[DUMMY] UrgentOrder 대응 Todo 1: 담당자 확인, 요청사항 정리, 리스크 업데이트', 'done', 'high', 'DUMMY-PM-003', '2025-06-12T09:00:00', 'issue', 'DUMMY-ISSUE-001', '2025-06-10T09:00:00', '2026-06-01T09:00:00'),
  ('DUMMY-TODO-001-2', 'DUMMY-PROJ-OPS-2026', '[DUMMY] Daesung Automotive 긴급 발주 대응 액션 2', '[DUMMY] UrgentOrder 대응 Todo 2: 담당자 확인, 요청사항 정리, 리스크 업데이트', 'done', 'high', 'DUMMY-PM-004', '2025-06-14T09:00:00', 'issue', 'DUMMY-ISSUE-001', '2025-06-10T09:00:00', '2026-06-01T09:00:00'),
  ('DUMMY-TODO-001-3', 'DUMMY-PROJ-OPS-2026', '[DUMMY] Daesung Automotive 긴급 발주 대응 액션 3', '[DUMMY] UrgentOrder 대응 Todo 3: 담당자 확인, 요청사항 정리, 리스크 업데이트', 'done', 'high', 'DUMMY-PM-005', '2025-06-16T09:00:00', 'issue', 'DUMMY-ISSUE-001', '2025-06-10T09:00:00', '2026-06-01T09:00:00'),
  ('DUMMY-TODO-002-1', 'DUMMY-PROJ-OPS-2026', '[DUMMY] KET Supplier 재고 부족으로 납기 지연 가능 액션 1', '[DUMMY] SupplierStock 대응 Todo 1: 담당자 확인, 요청사항 정리, 리스크 업데이트', 'done', 'high', 'DUMMY-PM-004', '2025-08-07T09:00:00', 'issue', 'DUMMY-ISSUE-002', '2025-08-05T09:00:00', '2026-06-01T09:00:00'),
  ('DUMMY-TODO-002-2', 'DUMMY-PROJ-OPS-2026', '[DUMMY] KET Supplier 재고 부족으로 납기 지연 가능 액션 2', '[DUMMY] SupplierStock 대응 Todo 2: 담당자 확인, 요청사항 정리, 리스크 업데이트', 'done', 'high', 'DUMMY-PM-005', '2025-08-09T09:00:00', 'issue', 'DUMMY-ISSUE-002', '2025-08-05T09:00:00', '2026-06-01T09:00:00'),
  ('DUMMY-TODO-002-3', 'DUMMY-PROJ-OPS-2026', '[DUMMY] KET Supplier 재고 부족으로 납기 지연 가능 액션 3', '[DUMMY] SupplierStock 대응 Todo 3: 담당자 확인, 요청사항 정리, 리스크 업데이트', 'done', 'high', 'DUMMY-PM-006', '2025-08-11T09:00:00', 'issue', 'DUMMY-ISSUE-002', '2025-08-05T09:00:00', '2026-06-01T09:00:00'),
  ('DUMMY-TODO-003-1', 'DUMMY-PROJ-OPS-2026', '[DUMMY] Global Harness Vietnam 수출 서류 누락 통관 지연 액션 1', '[DUMMY] ExportDelay 대응 Todo 1: 담당자 확인, 요청사항 정리, 리스크 업데이트', 'done', 'medium', 'DUMMY-PM-005', '2025-09-10T09:00:00', 'issue', 'DUMMY-ISSUE-003', '2025-09-08T09:00:00', '2026-06-01T09:00:00'),
  ('DUMMY-TODO-003-2', 'DUMMY-PROJ-OPS-2026', '[DUMMY] Global Harness Vietnam 수출 서류 누락 통관 지연 액션 2', '[DUMMY] ExportDelay 대응 Todo 2: 담당자 확인, 요청사항 정리, 리스크 업데이트', 'done', 'medium', 'DUMMY-PM-006', '2025-09-12T09:00:00', 'issue', 'DUMMY-ISSUE-003', '2025-09-08T09:00:00', '2026-06-01T09:00:00'),
  ('DUMMY-TODO-003-3', 'DUMMY-PROJ-OPS-2026', '[DUMMY] Global Harness Vietnam 수출 서류 누락 통관 지연 액션 3', '[DUMMY] ExportDelay 대응 Todo 3: 담당자 확인, 요청사항 정리, 리스크 업데이트', 'done', 'medium', 'DUMMY-PM-007', '2025-09-14T09:00:00', 'issue', 'DUMMY-ISSUE-003', '2025-09-08T09:00:00', '2026-06-01T09:00:00'),
  ('DUMMY-TODO-004-1', 'DUMMY-PROJ-OPS-2026', '[DUMMY] Mirae EV Systems 센서 케이블 반복 클레임 액션 1', '[DUMMY] QualityClaim 대응 Todo 1: 담당자 확인, 요청사항 정리, 리스크 업데이트', 'open', 'high', 'DUMMY-PM-006', '2025-11-06T09:00:00', 'issue', 'DUMMY-ISSUE-004', '2025-11-04T09:00:00', '2026-06-01T09:00:00'),
  ('DUMMY-TODO-004-2', 'DUMMY-PROJ-OPS-2026', '[DUMMY] Mirae EV Systems 센서 케이블 반복 클레임 액션 2', '[DUMMY] QualityClaim 대응 Todo 2: 담당자 확인, 요청사항 정리, 리스크 업데이트', 'open', 'high', 'DUMMY-PM-007', '2025-11-08T09:00:00', 'issue', 'DUMMY-ISSUE-004', '2025-11-04T09:00:00', '2026-06-01T09:00:00'),
  ('DUMMY-TODO-004-3', 'DUMMY-PROJ-OPS-2026', '[DUMMY] Mirae EV Systems 센서 케이블 반복 클레임 액션 3', '[DUMMY] QualityClaim 대응 Todo 3: 담당자 확인, 요청사항 정리, 리스크 업데이트', 'open', 'high', 'DUMMY-PM-008', '2025-11-10T09:00:00', 'issue', 'DUMMY-ISSUE-004', '2025-11-04T09:00:00', '2026-06-01T09:00:00'),
  ('DUMMY-TODO-005-1', 'DUMMY-PROJ-OPS-2026', '[DUMMY] Yazaki Parts Asia 리드타임 8주에서 12주 증가 액션 1', '[DUMMY] LeadTimeChange 대응 Todo 1: 담당자 확인, 요청사항 정리, 리스크 업데이트', 'done', 'medium', 'DUMMY-PM-007', '2025-12-04T09:00:00', 'issue', 'DUMMY-ISSUE-005', '2025-12-02T09:00:00', '2026-06-01T09:00:00'),
  ('DUMMY-TODO-005-2', 'DUMMY-PROJ-OPS-2026', '[DUMMY] Yazaki Parts Asia 리드타임 8주에서 12주 증가 액션 2', '[DUMMY] LeadTimeChange 대응 Todo 2: 담당자 확인, 요청사항 정리, 리스크 업데이트', 'done', 'medium', 'DUMMY-PM-008', '2025-12-06T09:00:00', 'issue', 'DUMMY-ISSUE-005', '2025-12-02T09:00:00', '2026-06-01T09:00:00'),
  ('DUMMY-TODO-005-3', 'DUMMY-PROJ-OPS-2026', '[DUMMY] Yazaki Parts Asia 리드타임 8주에서 12주 증가 액션 3', '[DUMMY] LeadTimeChange 대응 Todo 3: 담당자 확인, 요청사항 정리, 리스크 업데이트', 'done', 'medium', 'DUMMY-PM-001', '2025-12-08T09:00:00', 'issue', 'DUMMY-ISSUE-005', '2025-12-02T09:00:00', '2026-06-01T09:00:00'),
  ('DUMMY-TODO-006-1', 'DUMMY-PROJ-OPS-2026', '[DUMMY] Hyundai Mobis Tier2 긴급 항공 이송 액션 1', '[DUMMY] ExpediteShipping 대응 Todo 1: 담당자 확인, 요청사항 정리, 리스크 업데이트', 'done', 'high', 'DUMMY-PM-008', '2026-02-08T09:00:00', 'issue', 'DUMMY-ISSUE-006', '2026-02-06T09:00:00', '2026-06-01T09:00:00'),
  ('DUMMY-TODO-006-2', 'DUMMY-PROJ-OPS-2026', '[DUMMY] Hyundai Mobis Tier2 긴급 항공 이송 액션 2', '[DUMMY] ExpediteShipping 대응 Todo 2: 담당자 확인, 요청사항 정리, 리스크 업데이트', 'done', 'high', 'DUMMY-PM-001', '2026-02-10T09:00:00', 'issue', 'DUMMY-ISSUE-006', '2026-02-06T09:00:00', '2026-06-01T09:00:00'),
  ('DUMMY-TODO-006-3', 'DUMMY-PROJ-OPS-2026', '[DUMMY] Hyundai Mobis Tier2 긴급 항공 이송 액션 3', '[DUMMY] ExpediteShipping 대응 Todo 3: 담당자 확인, 요청사항 정리, 리스크 업데이트', 'done', 'high', 'DUMMY-PM-002', '2026-02-12T09:00:00', 'issue', 'DUMMY-ISSUE-006', '2026-02-06T09:00:00', '2026-06-01T09:00:00'),
  ('DUMMY-TODO-007-1', 'DUMMY-PROJ-OPS-2026', '[DUMMY] TE Connectivity Korea 단가 7% 인상 통보 액션 1', '[DUMMY] PriceIncrease 대응 Todo 1: 담당자 확인, 요청사항 정리, 리스크 업데이트', 'open', 'medium', 'DUMMY-PM-001', '2026-04-05T09:00:00', 'issue', 'DUMMY-ISSUE-007', '2026-04-03T09:00:00', '2026-06-01T09:00:00'),
  ('DUMMY-TODO-007-2', 'DUMMY-PROJ-OPS-2026', '[DUMMY] TE Connectivity Korea 단가 7% 인상 통보 액션 2', '[DUMMY] PriceIncrease 대응 Todo 2: 담당자 확인, 요청사항 정리, 리스크 업데이트', 'open', 'medium', 'DUMMY-PM-002', '2026-04-07T09:00:00', 'issue', 'DUMMY-ISSUE-007', '2026-04-03T09:00:00', '2026-06-01T09:00:00'),
  ('DUMMY-TODO-007-3', 'DUMMY-PROJ-OPS-2026', '[DUMMY] TE Connectivity Korea 단가 7% 인상 통보 액션 3', '[DUMMY] PriceIncrease 대응 Todo 3: 담당자 확인, 요청사항 정리, 리스크 업데이트', 'open', 'medium', 'DUMMY-PM-003', '2026-04-09T09:00:00', 'issue', 'DUMMY-ISSUE-007', '2026-04-03T09:00:00', '2026-06-01T09:00:00'),
  ('DUMMY-TODO-008-1', 'DUMMY-PROJ-OPS-2026', '[DUMMY] 박서연 담당 고객 인수인계 준비 액션 1', '[DUMMY] Handover 대응 Todo 1: 담당자 확인, 요청사항 정리, 리스크 업데이트', 'open', 'high', 'DUMMY-PM-002', '2026-05-14T09:00:00', 'issue', 'DUMMY-ISSUE-008', '2026-05-12T09:00:00', '2026-06-01T09:00:00'),
  ('DUMMY-TODO-008-2', 'DUMMY-PROJ-OPS-2026', '[DUMMY] 박서연 담당 고객 인수인계 준비 액션 2', '[DUMMY] Handover 대응 Todo 2: 담당자 확인, 요청사항 정리, 리스크 업데이트', 'open', 'high', 'DUMMY-PM-003', '2026-05-16T09:00:00', 'issue', 'DUMMY-ISSUE-008', '2026-05-12T09:00:00', '2026-06-01T09:00:00'),
  ('DUMMY-TODO-008-3', 'DUMMY-PROJ-OPS-2026', '[DUMMY] 박서연 담당 고객 인수인계 준비 액션 3', '[DUMMY] Handover 대응 Todo 3: 담당자 확인, 요청사항 정리, 리스크 업데이트', 'open', 'high', 'DUMMY-PM-004', '2026-05-18T09:00:00', 'issue', 'DUMMY-ISSUE-008', '2026-05-12T09:00:00', '2026-06-01T09:00:00'),
  ('DUMMY-TODO-009-1', 'DUMMY-PROJ-OPS-2026', '[DUMMY] Hanil Motors 정기 발주 수량 변경 액션 1', '[DUMMY] OrderChange 대응 Todo 1: 담당자 확인, 요청사항 정리, 리스크 업데이트', 'done', 'low', 'DUMMY-PM-003', '2025-07-14T09:00:00', 'issue', 'DUMMY-ISSUE-009', '2025-07-12T09:00:00', '2026-06-01T09:00:00'),
  ('DUMMY-TODO-009-2', 'DUMMY-PROJ-OPS-2026', '[DUMMY] Hanil Motors 정기 발주 수량 변경 액션 2', '[DUMMY] OrderChange 대응 Todo 2: 담당자 확인, 요청사항 정리, 리스크 업데이트', 'done', 'low', 'DUMMY-PM-004', '2025-07-16T09:00:00', 'issue', 'DUMMY-ISSUE-009', '2025-07-12T09:00:00', '2026-06-01T09:00:00'),
  ('DUMMY-TODO-009-3', 'DUMMY-PROJ-OPS-2026', '[DUMMY] Hanil Motors 정기 발주 수량 변경 액션 3', '[DUMMY] OrderChange 대응 Todo 3: 담당자 확인, 요청사항 정리, 리스크 업데이트', 'done', 'low', 'DUMMY-PM-005', '2025-07-18T09:00:00', 'issue', 'DUMMY-ISSUE-009', '2025-07-12T09:00:00', '2026-06-01T09:00:00')
ON CONFLICT (id) DO NOTHING;

INSERT INTO calendar_events (id, project_id, title, event_type, start_at, end_at, related_todo_id, related_issue_id, created_at, updated_at) VALUES
  ('DUMMY-CAL-001-1', 'DUMMY-PROJ-OPS-2026', '[DUMMY] Daesung Automotive 긴급 발주 대응 후속 일정 1', 'todo_due', '2025-06-12T09:00:00', '2025-06-12T09:00:00', 'DUMMY-TODO-001-1', 'DUMMY-ISSUE-001', '2026-06-01T09:00:00', '2026-06-01T09:00:00'),
  ('DUMMY-CAL-001-2', 'DUMMY-PROJ-OPS-2026', '[DUMMY] Daesung Automotive 긴급 발주 대응 후속 일정 2', 'todo_due', '2025-06-14T09:00:00', '2025-06-14T09:00:00', 'DUMMY-TODO-001-2', 'DUMMY-ISSUE-001', '2026-06-01T09:00:00', '2026-06-01T09:00:00'),
  ('DUMMY-CAL-001-3', 'DUMMY-PROJ-OPS-2026', '[DUMMY] Daesung Automotive 긴급 발주 대응 후속 일정 3', 'todo_due', '2025-06-16T09:00:00', '2025-06-16T09:00:00', 'DUMMY-TODO-001-3', 'DUMMY-ISSUE-001', '2026-06-01T09:00:00', '2026-06-01T09:00:00'),
  ('DUMMY-CAL-002-1', 'DUMMY-PROJ-OPS-2026', '[DUMMY] KET Supplier 재고 부족으로 납기 지연 가능 후속 일정 1', 'todo_due', '2025-08-07T09:00:00', '2025-08-07T09:00:00', 'DUMMY-TODO-002-1', 'DUMMY-ISSUE-002', '2026-06-01T09:00:00', '2026-06-01T09:00:00'),
  ('DUMMY-CAL-002-2', 'DUMMY-PROJ-OPS-2026', '[DUMMY] KET Supplier 재고 부족으로 납기 지연 가능 후속 일정 2', 'todo_due', '2025-08-09T09:00:00', '2025-08-09T09:00:00', 'DUMMY-TODO-002-2', 'DUMMY-ISSUE-002', '2026-06-01T09:00:00', '2026-06-01T09:00:00'),
  ('DUMMY-CAL-002-3', 'DUMMY-PROJ-OPS-2026', '[DUMMY] KET Supplier 재고 부족으로 납기 지연 가능 후속 일정 3', 'todo_due', '2025-08-11T09:00:00', '2025-08-11T09:00:00', 'DUMMY-TODO-002-3', 'DUMMY-ISSUE-002', '2026-06-01T09:00:00', '2026-06-01T09:00:00'),
  ('DUMMY-CAL-003-1', 'DUMMY-PROJ-OPS-2026', '[DUMMY] Global Harness Vietnam 수출 서류 누락 통관 지연 후속 일정 1', 'todo_due', '2025-09-10T09:00:00', '2025-09-10T09:00:00', 'DUMMY-TODO-003-1', 'DUMMY-ISSUE-003', '2026-06-01T09:00:00', '2026-06-01T09:00:00'),
  ('DUMMY-CAL-003-2', 'DUMMY-PROJ-OPS-2026', '[DUMMY] Global Harness Vietnam 수출 서류 누락 통관 지연 후속 일정 2', 'todo_due', '2025-09-12T09:00:00', '2025-09-12T09:00:00', 'DUMMY-TODO-003-2', 'DUMMY-ISSUE-003', '2026-06-01T09:00:00', '2026-06-01T09:00:00'),
  ('DUMMY-CAL-003-3', 'DUMMY-PROJ-OPS-2026', '[DUMMY] Global Harness Vietnam 수출 서류 누락 통관 지연 후속 일정 3', 'todo_due', '2025-09-14T09:00:00', '2025-09-14T09:00:00', 'DUMMY-TODO-003-3', 'DUMMY-ISSUE-003', '2026-06-01T09:00:00', '2026-06-01T09:00:00'),
  ('DUMMY-CAL-004-1', 'DUMMY-PROJ-OPS-2026', '[DUMMY] Mirae EV Systems 센서 케이블 반복 클레임 후속 일정 1', 'todo_due', '2025-11-06T09:00:00', '2025-11-06T09:00:00', 'DUMMY-TODO-004-1', 'DUMMY-ISSUE-004', '2026-06-01T09:00:00', '2026-06-01T09:00:00'),
  ('DUMMY-CAL-004-2', 'DUMMY-PROJ-OPS-2026', '[DUMMY] Mirae EV Systems 센서 케이블 반복 클레임 후속 일정 2', 'todo_due', '2025-11-08T09:00:00', '2025-11-08T09:00:00', 'DUMMY-TODO-004-2', 'DUMMY-ISSUE-004', '2026-06-01T09:00:00', '2026-06-01T09:00:00'),
  ('DUMMY-CAL-004-3', 'DUMMY-PROJ-OPS-2026', '[DUMMY] Mirae EV Systems 센서 케이블 반복 클레임 후속 일정 3', 'todo_due', '2025-11-10T09:00:00', '2025-11-10T09:00:00', 'DUMMY-TODO-004-3', 'DUMMY-ISSUE-004', '2026-06-01T09:00:00', '2026-06-01T09:00:00'),
  ('DUMMY-CAL-005-1', 'DUMMY-PROJ-OPS-2026', '[DUMMY] Yazaki Parts Asia 리드타임 8주에서 12주 증가 후속 일정 1', 'todo_due', '2025-12-04T09:00:00', '2025-12-04T09:00:00', 'DUMMY-TODO-005-1', 'DUMMY-ISSUE-005', '2026-06-01T09:00:00', '2026-06-01T09:00:00'),
  ('DUMMY-CAL-005-2', 'DUMMY-PROJ-OPS-2026', '[DUMMY] Yazaki Parts Asia 리드타임 8주에서 12주 증가 후속 일정 2', 'todo_due', '2025-12-06T09:00:00', '2025-12-06T09:00:00', 'DUMMY-TODO-005-2', 'DUMMY-ISSUE-005', '2026-06-01T09:00:00', '2026-06-01T09:00:00'),
  ('DUMMY-CAL-005-3', 'DUMMY-PROJ-OPS-2026', '[DUMMY] Yazaki Parts Asia 리드타임 8주에서 12주 증가 후속 일정 3', 'todo_due', '2025-12-08T09:00:00', '2025-12-08T09:00:00', 'DUMMY-TODO-005-3', 'DUMMY-ISSUE-005', '2026-06-01T09:00:00', '2026-06-01T09:00:00'),
  ('DUMMY-CAL-006-1', 'DUMMY-PROJ-OPS-2026', '[DUMMY] Hyundai Mobis Tier2 긴급 항공 이송 후속 일정 1', 'todo_due', '2026-02-08T09:00:00', '2026-02-08T09:00:00', 'DUMMY-TODO-006-1', 'DUMMY-ISSUE-006', '2026-06-01T09:00:00', '2026-06-01T09:00:00'),
  ('DUMMY-CAL-006-2', 'DUMMY-PROJ-OPS-2026', '[DUMMY] Hyundai Mobis Tier2 긴급 항공 이송 후속 일정 2', 'todo_due', '2026-02-10T09:00:00', '2026-02-10T09:00:00', 'DUMMY-TODO-006-2', 'DUMMY-ISSUE-006', '2026-06-01T09:00:00', '2026-06-01T09:00:00'),
  ('DUMMY-CAL-006-3', 'DUMMY-PROJ-OPS-2026', '[DUMMY] Hyundai Mobis Tier2 긴급 항공 이송 후속 일정 3', 'todo_due', '2026-02-12T09:00:00', '2026-02-12T09:00:00', 'DUMMY-TODO-006-3', 'DUMMY-ISSUE-006', '2026-06-01T09:00:00', '2026-06-01T09:00:00'),
  ('DUMMY-CAL-007-1', 'DUMMY-PROJ-OPS-2026', '[DUMMY] TE Connectivity Korea 단가 7% 인상 통보 후속 일정 1', 'todo_due', '2026-04-05T09:00:00', '2026-04-05T09:00:00', 'DUMMY-TODO-007-1', 'DUMMY-ISSUE-007', '2026-06-01T09:00:00', '2026-06-01T09:00:00'),
  ('DUMMY-CAL-007-2', 'DUMMY-PROJ-OPS-2026', '[DUMMY] TE Connectivity Korea 단가 7% 인상 통보 후속 일정 2', 'todo_due', '2026-04-07T09:00:00', '2026-04-07T09:00:00', 'DUMMY-TODO-007-2', 'DUMMY-ISSUE-007', '2026-06-01T09:00:00', '2026-06-01T09:00:00'),
  ('DUMMY-CAL-007-3', 'DUMMY-PROJ-OPS-2026', '[DUMMY] TE Connectivity Korea 단가 7% 인상 통보 후속 일정 3', 'todo_due', '2026-04-09T09:00:00', '2026-04-09T09:00:00', 'DUMMY-TODO-007-3', 'DUMMY-ISSUE-007', '2026-06-01T09:00:00', '2026-06-01T09:00:00'),
  ('DUMMY-CAL-008-1', 'DUMMY-PROJ-OPS-2026', '[DUMMY] 박서연 담당 고객 인수인계 준비 후속 일정 1', 'todo_due', '2026-05-14T09:00:00', '2026-05-14T09:00:00', 'DUMMY-TODO-008-1', 'DUMMY-ISSUE-008', '2026-06-01T09:00:00', '2026-06-01T09:00:00'),
  ('DUMMY-CAL-008-2', 'DUMMY-PROJ-OPS-2026', '[DUMMY] 박서연 담당 고객 인수인계 준비 후속 일정 2', 'todo_due', '2026-05-16T09:00:00', '2026-05-16T09:00:00', 'DUMMY-TODO-008-2', 'DUMMY-ISSUE-008', '2026-06-01T09:00:00', '2026-06-01T09:00:00'),
  ('DUMMY-CAL-008-3', 'DUMMY-PROJ-OPS-2026', '[DUMMY] 박서연 담당 고객 인수인계 준비 후속 일정 3', 'todo_due', '2026-05-18T09:00:00', '2026-05-18T09:00:00', 'DUMMY-TODO-008-3', 'DUMMY-ISSUE-008', '2026-06-01T09:00:00', '2026-06-01T09:00:00'),
  ('DUMMY-CAL-009-1', 'DUMMY-PROJ-OPS-2026', '[DUMMY] Hanil Motors 정기 발주 수량 변경 후속 일정 1', 'todo_due', '2025-07-14T09:00:00', '2025-07-14T09:00:00', 'DUMMY-TODO-009-1', 'DUMMY-ISSUE-009', '2026-06-01T09:00:00', '2026-06-01T09:00:00'),
  ('DUMMY-CAL-009-2', 'DUMMY-PROJ-OPS-2026', '[DUMMY] Hanil Motors 정기 발주 수량 변경 후속 일정 2', 'todo_due', '2025-07-16T09:00:00', '2025-07-16T09:00:00', 'DUMMY-TODO-009-2', 'DUMMY-ISSUE-009', '2026-06-01T09:00:00', '2026-06-01T09:00:00'),
  ('DUMMY-CAL-009-3', 'DUMMY-PROJ-OPS-2026', '[DUMMY] Hanil Motors 정기 발주 수량 변경 후속 일정 3', 'todo_due', '2025-07-18T09:00:00', '2025-07-18T09:00:00', 'DUMMY-TODO-009-3', 'DUMMY-ISSUE-009', '2026-06-01T09:00:00', '2026-06-01T09:00:00')
ON CONFLICT (id) DO NOTHING;

INSERT INTO weekly_reports (id, project_id, title, period_start, period_end, summary, status, source, created_at, updated_at) VALUES
  ('DUMMY-WEEKLY-001', 'DUMMY-PROJ-OPS-2026', '[DUMMY] 주간 운영 리포트 1', '2025-06-10', '2025-06-16', '[DUMMY] Daesung Automotive 긴급 발주 대응 중심 주간 이슈, Todo, 리스크 요약', 'published', 'dummy_current_seed', '2026-06-01T09:00:00', '2026-06-01T09:00:00'),
  ('DUMMY-WEEKLY-002', 'DUMMY-PROJ-OPS-2026', '[DUMMY] 주간 운영 리포트 2', '2025-08-05', '2025-08-11', '[DUMMY] KET Supplier 재고 부족으로 납기 지연 가능 중심 주간 이슈, Todo, 리스크 요약', 'published', 'dummy_current_seed', '2026-06-01T09:00:00', '2026-06-01T09:00:00'),
  ('DUMMY-WEEKLY-003', 'DUMMY-PROJ-OPS-2026', '[DUMMY] 주간 운영 리포트 3', '2025-09-08', '2025-09-14', '[DUMMY] Global Harness Vietnam 수출 서류 누락 통관 지연 중심 주간 이슈, Todo, 리스크 요약', 'published', 'dummy_current_seed', '2026-06-01T09:00:00', '2026-06-01T09:00:00')
ON CONFLICT (id) DO NOTHING;

INSERT INTO monthly_reports (id, project_id, title, period_start, period_end, summary, status, source, created_at, updated_at) VALUES
  ('DUMMY-MONTHLY-001', 'DUMMY-PROJ-OPS-2026', '[DUMMY] 월간 운영 리포트 1', '2025-11-01', '2025-11-30', '[DUMMY] 납기, 품질, 구매 리스크와 다음 액션 월간 요약', 'published', 'dummy_current_seed', '2026-06-01T09:00:00', '2026-06-01T09:00:00'),
  ('DUMMY-MONTHLY-002', 'DUMMY-PROJ-OPS-2026', '[DUMMY] 월간 운영 리포트 2', '2026-04-01', '2026-04-30', '[DUMMY] 납기, 품질, 구매 리스크와 다음 액션 월간 요약', 'published', 'dummy_current_seed', '2026-06-01T09:00:00', '2026-06-01T09:00:00')
ON CONFLICT (id) DO NOTHING;

INSERT INTO handoff_reports (id, project_id, title, from_member_id, to_member_id, scope_summary, generated_summary, status, source, created_at, updated_at) VALUES
  ('DUMMY-HANDOFF-001', 'DUMMY-PROJ-OPS-2026', '[DUMMY] 영업-구매-물류 인수인계', 'DUMMY-PM-001', 'DUMMY-PM-002', '[DUMMY] 미해결 이슈, 다음 액션, 담당자, 리스크 범위', '[DUMMY] 문서와 issue_events 기반 인수인계 데모 요약', 'ready', 'dummy_current_seed', '2026-06-01T09:00:00', '2026-06-01T09:00:00'),
  ('DUMMY-HANDOFF-002', 'DUMMY-PROJ-OPS-2026', '[DUMMY] 품질 클레임 후속 인수인계', 'DUMMY-PM-001', 'DUMMY-PM-003', '[DUMMY] 미해결 이슈, 다음 액션, 담당자, 리스크 범위', '[DUMMY] 문서와 issue_events 기반 인수인계 데모 요약', 'ready', 'dummy_current_seed', '2026-06-01T09:00:00', '2026-06-01T09:00:00')
ON CONFLICT (id) DO NOTHING;

INSERT INTO chat_messages (id, project_id, sender_member_id, message, source_type, source_id, created_at, updated_at) VALUES
  ('DUMMY-CHAT-001', 'DUMMY-PROJ-OPS-2026', 'DUMMY-PM-002', '[DUMMY] Daesung Automotive 긴급 발주 대응 진행 상황과 다음 액션 확인', 'issue', 'DUMMY-ISSUE-001', '2026-06-01T09:00:00', '2026-06-01T09:00:00'),
  ('DUMMY-CHAT-002', 'DUMMY-PROJ-OPS-2026', 'DUMMY-PM-003', '[DUMMY] KET Supplier 재고 부족으로 납기 지연 가능 진행 상황과 다음 액션 확인', 'issue', 'DUMMY-ISSUE-002', '2026-06-01T09:00:00', '2026-06-01T09:00:00'),
  ('DUMMY-CHAT-003', 'DUMMY-PROJ-OPS-2026', 'DUMMY-PM-004', '[DUMMY] Global Harness Vietnam 수출 서류 누락 통관 지연 진행 상황과 다음 액션 확인', 'issue', 'DUMMY-ISSUE-003', '2026-06-01T09:00:00', '2026-06-01T09:00:00'),
  ('DUMMY-CHAT-004', 'DUMMY-PROJ-OPS-2026', 'DUMMY-PM-005', '[DUMMY] Mirae EV Systems 센서 케이블 반복 클레임 진행 상황과 다음 액션 확인', 'issue', 'DUMMY-ISSUE-004', '2026-06-01T09:00:00', '2026-06-01T09:00:00'),
  ('DUMMY-CHAT-005', 'DUMMY-PROJ-OPS-2026', 'DUMMY-PM-006', '[DUMMY] Yazaki Parts Asia 리드타임 8주에서 12주 증가 진행 상황과 다음 액션 확인', 'issue', 'DUMMY-ISSUE-005', '2026-06-01T09:00:00', '2026-06-01T09:00:00'),
  ('DUMMY-CHAT-006', 'DUMMY-PROJ-OPS-2026', 'DUMMY-PM-007', '[DUMMY] Hyundai Mobis Tier2 긴급 항공 이송 진행 상황과 다음 액션 확인', 'issue', 'DUMMY-ISSUE-006', '2026-06-01T09:00:00', '2026-06-01T09:00:00'),
  ('DUMMY-CHAT-007', 'DUMMY-PROJ-OPS-2026', 'DUMMY-PM-008', '[DUMMY] TE Connectivity Korea 단가 7% 인상 통보 진행 상황과 다음 액션 확인', 'issue', 'DUMMY-ISSUE-007', '2026-06-01T09:00:00', '2026-06-01T09:00:00'),
  ('DUMMY-CHAT-008', 'DUMMY-PROJ-OPS-2026', 'DUMMY-PM-001', '[DUMMY] 박서연 담당 고객 인수인계 준비 진행 상황과 다음 액션 확인', 'issue', 'DUMMY-ISSUE-008', '2026-06-01T09:00:00', '2026-06-01T09:00:00'),
  ('DUMMY-CHAT-009', 'DUMMY-PROJ-OPS-2026', 'DUMMY-PM-002', '[DUMMY] Hanil Motors 정기 발주 수량 변경 진행 상황과 다음 액션 확인', 'issue', 'DUMMY-ISSUE-009', '2026-06-01T09:00:00', '2026-06-01T09:00:00')
ON CONFLICT (id) DO NOTHING;

INSERT INTO ai_summaries (id, project_id, source_type, source_id, summary, key_points, created_at, updated_at) VALUES
  ('DUMMY-AI-ISSUE-001', 'DUMMY-PROJ-OPS-2026', 'issue', 'DUMMY-ISSUE-001', '[DUMMY] Daesung Automotive 긴급 발주 대응 관련 리스크, 담당자, 요청사항, 다음 액션 요약', '담당자 확인; 요청사항 추적; 리스크 관리; 다음 액션 등록', '2026-06-01T09:00:00', '2026-06-01T09:00:00'),
  ('DUMMY-AI-ISSUE-002', 'DUMMY-PROJ-OPS-2026', 'issue', 'DUMMY-ISSUE-002', '[DUMMY] KET Supplier 재고 부족으로 납기 지연 가능 관련 리스크, 담당자, 요청사항, 다음 액션 요약', '담당자 확인; 요청사항 추적; 리스크 관리; 다음 액션 등록', '2026-06-01T09:00:00', '2026-06-01T09:00:00'),
  ('DUMMY-AI-ISSUE-003', 'DUMMY-PROJ-OPS-2026', 'issue', 'DUMMY-ISSUE-003', '[DUMMY] Global Harness Vietnam 수출 서류 누락 통관 지연 관련 리스크, 담당자, 요청사항, 다음 액션 요약', '담당자 확인; 요청사항 추적; 리스크 관리; 다음 액션 등록', '2026-06-01T09:00:00', '2026-06-01T09:00:00'),
  ('DUMMY-AI-ISSUE-004', 'DUMMY-PROJ-OPS-2026', 'issue', 'DUMMY-ISSUE-004', '[DUMMY] Mirae EV Systems 센서 케이블 반복 클레임 관련 리스크, 담당자, 요청사항, 다음 액션 요약', '담당자 확인; 요청사항 추적; 리스크 관리; 다음 액션 등록', '2026-06-01T09:00:00', '2026-06-01T09:00:00'),
  ('DUMMY-AI-ISSUE-005', 'DUMMY-PROJ-OPS-2026', 'issue', 'DUMMY-ISSUE-005', '[DUMMY] Yazaki Parts Asia 리드타임 8주에서 12주 증가 관련 리스크, 담당자, 요청사항, 다음 액션 요약', '담당자 확인; 요청사항 추적; 리스크 관리; 다음 액션 등록', '2026-06-01T09:00:00', '2026-06-01T09:00:00'),
  ('DUMMY-AI-ISSUE-006', 'DUMMY-PROJ-OPS-2026', 'issue', 'DUMMY-ISSUE-006', '[DUMMY] Hyundai Mobis Tier2 긴급 항공 이송 관련 리스크, 담당자, 요청사항, 다음 액션 요약', '담당자 확인; 요청사항 추적; 리스크 관리; 다음 액션 등록', '2026-06-01T09:00:00', '2026-06-01T09:00:00'),
  ('DUMMY-AI-ISSUE-007', 'DUMMY-PROJ-OPS-2026', 'issue', 'DUMMY-ISSUE-007', '[DUMMY] TE Connectivity Korea 단가 7% 인상 통보 관련 리스크, 담당자, 요청사항, 다음 액션 요약', '담당자 확인; 요청사항 추적; 리스크 관리; 다음 액션 등록', '2026-06-01T09:00:00', '2026-06-01T09:00:00'),
  ('DUMMY-AI-ISSUE-008', 'DUMMY-PROJ-OPS-2026', 'issue', 'DUMMY-ISSUE-008', '[DUMMY] 박서연 담당 고객 인수인계 준비 관련 리스크, 담당자, 요청사항, 다음 액션 요약', '담당자 확인; 요청사항 추적; 리스크 관리; 다음 액션 등록', '2026-06-01T09:00:00', '2026-06-01T09:00:00'),
  ('DUMMY-AI-ISSUE-009', 'DUMMY-PROJ-OPS-2026', 'issue', 'DUMMY-ISSUE-009', '[DUMMY] Hanil Motors 정기 발주 수량 변경 관련 리스크, 담당자, 요청사항, 다음 액션 요약', '담당자 확인; 요청사항 추적; 리스크 관리; 다음 액션 등록', '2026-06-01T09:00:00', '2026-06-01T09:00:00')
ON CONFLICT (id) DO NOTHING;

COMMIT;
